,Unnamed: 0,pref,burden rate,real consumption,fiscal_year,adult_population,cons_per_1000adult,unempr,grp,pref2,suicide,liver_disease,liver_disease_rate,year,loony,suicide_per_1000adult,loony_per_1000adult,liver_disease_1000,liver_disease_per_1000,pref_id,over65,total_population,cons_per_1000,over65rate,suicide_per_1000,loony_per_1000,grp_per_1000,birth_num,marriage_num,divorce_num,birth_rate,marriage_rate,divorce_rate
46,北海道,北海道,0.367041237,33153.49,25,4558,7.273692409,4.45,19245348,北海道,1080,313,6,26,6.1,0.236946029,0.001338306,0.06867047,0.06867047,0,27,5431,6.104490886,0.27,0.198858405,0.001123182,3543.610385,3160.416667,2204.75,934.3333333,0.581921684,0.405956546,0.172037071
47,青森,青  森,0.362293882,8915.695,25,1112,8.017711331,4.85,4619522,青  森,270,106,8,26,1,0.242805755,0.000899281,0.095323741,0.095323741,1,27.9,1335,6.678423221,0.279,0.202247191,0.000749064,3460.316105,756.4166667,474.3333333,196.3333333,0.566604245,0.355305868,0.147066167
48,岩手,岩  手,0.357212096,8135.14,25,1074,7.57461825,3.225,4827468,岩  手,341,81,6,26,1.4,0.317504655,0.001303538,0.075418994,0.075418994,2,28.7,1295,6.28196139,0.287,0.263320463,0.001081081,3727.774517,761.6666667,457.1666667,164.25,0.588159588,0.353024453,0.126833977
49,宮城,宮  城,0.354516036,13795.965,25,1917,7.196643192,4.05,9463594,宮  城,455,122,5,26,1.9,0.237350026,0.000991132,0.063641106,0.063641106,3,23.8,2328,5.926101804,0.238,0.195446735,0.000816151,4065.117698,1549.583333,1000.833333,343.9166667,0.665628579,0.429911226,0.147730527
50,秋田,秋  田,0.348033679,7195.235,25,889,8.093627672,4.025,3738794,秋  田,269,62,6,26,1.1,0.302587177,0.001237345,0.069741282,0.069741282,4,31.6,1050,6.852604762,0.316,0.256190476,0.001047619,3560.75619,515.9166667,326.9166667,122.4166667,0.491349206,0.311349206,0.116587302
51,山形,山  形,0.348714627,6956.53,25,943,7.377020148,3.175,4394280,山  形,243,71,6,26,1,0.257688229,0.001060445,0.075291622,0.075291622,5,29.1,1141,6.096871166,0.291,0.212971078,0.000876424,3851.253287,679.4166667,397.0833333,139.5833333,0.595457201,0.348013438,0.12233421
52,福島,福  島,0.348665777,11342.785,25,1599,7.093674171,3.45,7913225,福  島,421,113,6,26,2,0.263289556,0.001250782,0.070669168,0.070669168,6,26.9,1946,5.82876927,0.269,0.216341213,0.001027749,4066.405447,1218.833333,759.5,270.6666667,0.626327509,0.39028777,0.139088729
53,茨城,茨  城,0.358657314,13698.81,25,2406,5.693603491,3.8,12393167,茨  城,568,167,6,26,1.2,0.236076475,0.000498753,0.069409809,0.069409809,7,24.8,2931,4.673766633,0.248,0.193790515,0.000409417,4228.306721,1838,1202.916667,421.6666667,0.62708973,0.410411691,0.143864438
54,栃木,栃  木,0.359223743,9543.7,25,1632,5.847855392,3.625,9102214,栃  木,392,111,6,26,1,0.240196078,0.000612745,0.068014706,0.068014706,8,24.2,1986,4.805488419,0.242,0.197381672,0.000503525,4583.189325,1291.916667,846.25,295.25,0.650511917,0.426107754,0.14866566
55,群馬,群  馬,0.35930306,10200.805,25,1621,6.292908698,3.45,8393919,群  馬,396,107,6,26,2.1,0.244293646,0.001295497,0.066008637,0.066008637,9,25.8,1984,5.141534778,0.258,0.199596774,0.001058468,4230.805948,1221.25,752.8333333,289,0.615549395,0.379452285,0.145665323
56,埼玉,埼  玉,0.361063544,33955.19,25,5940,5.716361953,3.9,22183912,埼  玉,1337,349,5,26,2.7,0.225084175,0.000454545,0.058754209,0.058754209,10,23,7222,4.701632512,0.23,0.185128773,0.000373858,3071.713099,4757.416667,3059.5,1080.166667,0.6587395,0.423636112,0.149566141
57,新潟,新  潟,0.340000108,15133.725,25,1931,7.83724754,3.425,9371861,新  潟,542,143,6,26,1.9,0.280683584,0.000983946,0.074054894,0.074054894,11,28.1,2330,6.495160944,0.281,0.232618026,0.000815451,4022.25794,1419.333333,847.8333333,272.6666667,0.609155937,0.363876967,0.11702432
58,長野,長  野,0.352138424,11352.295,25,1732,6.554442841,3.35,8795415,長  野,436,132,6,26,1.9,0.251732102,0.001096998,0.076212471,0.076212471,12,28.3,2122,5.349809142,0.283,0.205466541,0.000895382,4144.870405,1343.75,830.0833333,281.8333333,0.633246937,0.391179705,0.132814954
59,千葉,千  葉,0.358901854,28923.895,25,5123,5.645890103,3.525,21383654,千  葉,1215,317,5,26,4.1,0.237165723,0.000800312,0.061877806,0.061877806,13,24.3,6192,4.671171673,0.243,0.19622093,0.000662145,3453.432494,3984.833333,2652.75,936.1666667,0.643545435,0.428415698,0.151189707
60,東京,東  京,0.368009814,90709.875,25,11259,8.056654676,3.975,98677205,東  京,2443,1057,8,26,9,0.21698197,0.000799361,0.093880451,0.093880451,14,21.9,13300,6.820291353,0.219,0.183684211,0.000676692,7419.338722,9109.083333,7456.333333,2047.5,0.684893484,0.560626566,0.153947368
61,神奈川,神奈川,0.362786078,43772.675,25,7487,5.846490584,3.75,32334343,神奈川,1552,514,6,26,9,0.207292641,0.001202084,0.068652331,0.068652331,15,22.4,9079,4.821310166,0.224,0.170943937,0.000991299,3561.443221,6130,4164.916667,1366.583333,0.675184492,0.458741785,0.15052135
62,山梨,山  梨,0.360002141,4207.265,25,695,6.053618705,3.1,3526208,山  梨,184,45,5,26,0.6,0.264748201,0.000863309,0.064748201,0.064748201,16,26.5,847,4.967255018,0.265,0.217237308,0.000708383,4163.173554,512.1666667,320.8333333,119.8333333,0.604683196,0.378787879,0.141479732
63,富山,富  山,0.353260848,5713.18,25,889,6.426524184,2.85,4658034,富  山,241,78,7,26,0.7,0.271091114,0.000787402,0.087739033,0.087739033,17,28.7,1076,5.30964684,0.287,0.223977695,0.000650558,4329.027881,642.4166667,401.75,126.25,0.597041512,0.373373606,0.117332714
64,石川,石  川,0.354048,5917.055,25,948,6.241619198,3.225,4962626,石  川,180,52,5,26,1.1,0.189873418,0.001160338,0.054852321,0.054852321,18,26.1,1159,5.105310613,0.261,0.155306299,0.000949094,4281.817084,783.5833333,456.1666667,149.25,0.676085706,0.393586425,0.128774806
65,福井,福  井,0.357528352,3866.81,25,644,6.004363354,2.525,3410407,福  井,133,39,5,26,0.7,0.206521739,0.001086957,0.060559006,0.060559006,19,27,795,4.86391195,0.27,0.167295597,0.000880503,4289.820126,534,316,95.41666667,0.671698113,0.397484277,0.120020964
66,岐阜,岐  阜,0.358248117,8766.135,25,1669,5.252327741,2.9,7652710,岐  阜,408,101,5,26,1,0.244457759,0.000599161,0.060515279,0.060515279,20,26.3,2051,4.274078498,0.263,0.198927353,0.000487567,3731.209166,1324,801.1666667,270.9166667,0.645538762,0.390622461,0.132090037
67,静岡,静  岡,0.360886726,17928.16,25,3051,5.876158637,3.075,17414087,静  岡,674,232,6,26,3.3,0.220911177,0.001081613,0.076040642,0.076040642,21,26,3723,4.81551437,0.26,0.181036798,0.000886382,4677.434059,2497.166667,1545.166667,561.8333333,0.670740442,0.41503268,0.150908765
68,愛知,愛  知,0.367274552,32446.685,25,6025,5.385341909,3.05,37837446,愛  知,1290,345,5,26,4.9,0.214107884,0.000813278,0.057261411,0.057261411,22,22.3,7443,4.359355771,0.223,0.173317211,0.000658337,5083.628376,5495.25,3575.916667,1089.416667,0.738311165,0.480440235,0.146367952
69,三重,三  重,0.35538055,8127.87,25,1496,5.433068182,2.8,9133379,三  重,310,97,5,26,2.2,0.207219251,0.001470588,0.064839572,0.064839572,23,26.2,1833,4.434189853,0.262,0.169121658,0.001200218,4982.749045,1199.666667,746.3333333,270.8333333,0.654482633,0.407164939,0.147754137
70,滋賀,滋  賀,0.351679681,5522.435,25,1134,4.869872134,2.85,6638253,滋  賀,254,72,5,26,1.2,0.223985891,0.001058201,0.063492063,0.063492063,24,22.5,1416,3.900024718,0.225,0.179378531,0.000847458,4688.03178,1081.916667,628.6666667,197.25,0.764065443,0.443973635,0.139300847
71,京都,京  都,0.364075879,13160.715,25,2169,6.06764177,3.675,10421062,京  都,450,143,6,26,2,0.20746888,0.000922084,0.065929,0.065929,25,25.8,2617,5.028931983,0.258,0.171952618,0.000764234,3982.064196,1658.583333,1079.5,379.0833333,0.633772768,0.412495224,0.144854159
72,大阪,大  阪,0.368116483,48817.035,25,7288,6.698275933,4.675,39289725,大  阪,1735,687,8,26,4.3,0.238062569,0.000590011,0.094264544,0.094264544,26,24.7,8849,5.516672505,0.247,0.196067352,0.000485931,4440.018646,5928.583333,4088.416667,1500.5,0.669972125,0.462020191,0.169567183
73,兵庫,兵  庫,0.361514059,26612.245,25,4545,5.855279428,3.975,20714454,兵  庫,1080,324,6,26,4.2,0.237623762,0.000924092,0.071287129,0.071287129,27,25.3,5558,4.788097337,0.253,0.194314502,0.000755668,3726.961857,3757.833333,2335.916667,839.3333333,0.67611251,0.420280077,0.151013554
74,奈良,奈  良,0.356485142,5641.33,25,1137,4.961591909,3.675,3788932,奈  良,234,80,6,26,0.9,0.205804749,0.000791557,0.070360598,0.070360598,28,26.7,1383,4.079052784,0.267,0.169197397,0.000650759,2739.647144,844.75,523.8333333,188.8333333,0.610809834,0.378765968,0.136538925
75,和歌山,和歌山,0.359117987,4915.605,25,809,6.076149567,2.925,3796642,和歌山,168,65,7,26,0.8,0.207663782,0.000988875,0.080346106,0.080346106,29,29.4,979,5.021046987,0.294,0.171603677,0.00081716,3878.081716,589.1666667,389.5833333,159.5,0.601804563,0.397940075,0.162921348
76,鳥取,鳥  取,0.351376832,3160.49,25,475,6.653663158,3.15,1982186,鳥  取,109,45,8,26,0.6,0.229473684,0.001263158,0.094736842,0.094736842,30,28.2,578,5.467975779,0.282,0.188581315,0.001038062,3429.387543,396.6666667,229.3333333,83.91666667,0.68627451,0.396770473,0.145184544
77,島根,島  根,0.347086289,4027.505,25,579,6.955967185,2.775,2547987,島  根,141,54,8,26,0.8,0.243523316,0.001381693,0.093264249,0.093264249,31,30.9,702,5.73718661,0.309,0.200854701,0.001139601,3629.611111,462.4166667,253.6666667,86.5,0.6587132,0.361348528,0.123219373
78,岡山,岡  山,0.353838929,8932.535,25,1578,5.660668568,3.575,8067164,岡  山,324,111,6,26,2.4,0.205323194,0.001520913,0.070342205,0.070342205,32,27.1,1930,4.628256477,0.271,0.167875648,0.001243523,4179.87772,1337.666667,801.25,282.1666667,0.693091537,0.41515544,0.146200345
79,広島,広  島,0.361060725,15189.99,25,2322,6.541770026,3.4,11652813,広  島,543,183,7,26,2.1,0.233850129,0.000904393,0.07881137,0.07881137,33,26.2,2840,5.348588028,0.262,0.191197183,0.000739437,4103.103169,2033.75,1217.416667,424.3333333,0.716109155,0.42866784,0.149413146
80,山口,山  口,0.360970436,7505.215,25,1178,6.371150255,3.325,6344195,山  口,267,96,7,26,1,0.226655348,0.000848896,0.081494058,0.081494058,34,30.2,1420,5.285362676,0.302,0.188028169,0.000704225,4467.742958,885.3333333,538,211.25,0.623474178,0.378873239,0.148767606
81,徳島,徳  島,0.358706377,3696.47,25,639,5.784773083,3.55,3143054,徳  島,151,67,9,26,0.9,0.236306729,0.001408451,0.10485133,0.10485133,35,29.1,770,4.80061039,0.291,0.196103896,0.001168831,4081.888312,465.5,287.0833333,103.4166667,0.604545455,0.372835498,0.134307359
82,香川,香  川,0.359621516,4633.325,25,811,5.71310111,3.2,3938544,香  川,169,65,7,26,0.7,0.20838471,0.000863132,0.080147965,0.080147965,36,28.1,985,4.703883249,0.281,0.171573604,0.00071066,3998.521827,668.6666667,403.6666667,145.25,0.678849408,0.409813875,0.147461929
83,愛媛,愛  媛,0.363063745,7089.91,25,1160,6.111991379,3.35,5183896,愛  媛,284,92,7,26,1.2,0.244827586,0.001034483,0.079310345,0.079310345,37,28.8,1405,5.046199288,0.288,0.202135231,0.000854093,3689.605694,891.9166667,535.25,209.3333333,0.634816133,0.380960854,0.148991696
84,高知,高  知,0.36417243,4628.26,25,624,7.417083333,3.275,2370793,高  知,159,63,9,26,0.7,0.254807692,0.001121795,0.100961538,0.100961538,38,31.1,745,6.21242953,0.311,0.213422819,0.000939597,3182.272483,434.1666667,273.4166667,121.8333333,0.582774049,0.367002237,0.163534676
85,福岡,福  岡,0.363168103,27774.675,25,4158,6.679816017,4.925,18972688,福  岡,993,321,6,26,8,0.238816739,0.001924002,0.077200577,0.077200577,39,24.2,5090,5.456714145,0.242,0.195088409,0.001571709,3727.443615,3805.5,2368.75,860.4166667,0.747642436,0.465373281,0.169040602
86,佐賀,佐  賀,0.354236336,4192.925,25,676,6.202551775,3.625,2914773,佐  賀,141,54,7,26,0.8,0.208579882,0.001183432,0.079881657,0.079881657,40,26.1,840,4.991577381,0.261,0.167857143,0.000952381,3469.967857,606.9166667,338.9166667,119.5833333,0.722519841,0.403472222,0.142361111
87,長崎,長  崎,0.362942817,7412.545,25,1144,6.479497378,4,4684291,長  崎,268,90,7,26,1.8,0.234265734,0.001573427,0.078671329,0.078671329,41,27.9,1397,5.306045097,0.279,0.191839656,0.001288475,3353.107373,962,544.4166667,197,0.688618468,0.389704128,0.141016464
88,熊本,熊  本,0.369425094,10462.225,25,1467,7.131714383,4.125,6003599,熊  本,332,106,6,26,2.6,0.226312202,0.001772324,0.072256305,0.072256305,42,27.2,1801,5.809119933,0.272,0.184342032,0.001443642,3333.480844,1314.75,748.25,274.3333333,0.730011105,0.415463631,0.152322784
89,大分,大  分,0.36155506,6953.17,25,971,7.160834192,3.6,4701150,大  分,205,71,6,26,1,0.211122554,0.001029866,0.073120494,0.073120494,43,28.6,1178,5.902521222,0.286,0.174023769,0.000848896,3990.789474,800,476.8333333,178.4166667,0.679117148,0.404782117,0.151457272
90,宮崎,宮  崎,0.363912133,8469.54,25,910,9.307186813,3.25,3855968,宮  崎,265,81,7,26,1.8,0.291208791,0.001978022,0.089010989,0.089010989,44,27.6,1120,7.562089286,0.276,0.236607143,0.001607143,3442.828571,820.8333333,462.4166667,192.3333333,0.732886905,0.412872024,0.17172619
91,鹿児島,鹿児島,0.368096,13789.66,25,1369,10.07279766,4.275,5643870,鹿児島,355,115,7,26,1.8,0.259313367,0.001314828,0.084002922,0.084002922,45,27.8,1680,8.208130952,0.278,0.211309524,0.001071429,3359.446429,1201,686.8333333,262.9166667,0.714880952,0.408829365,0.156498016
92,北海道,北海道,0.367391314,32552.15,24,4572,7.119892826,5.1,18805664,北海道,1145,303,6,25,6.1,0.250437445,0.001334208,0.066272966,0.066272966,0,26,5460,5.961932234,0.26,0.20970696,0.001117216,3444.260806,3192.916667,2211.833333,957.4166667,0.584783272,0.40509768,0.175351038
93,青森,青  森,0.362744529,8963.26,24,1119,8.010062556,5.125,4660944,青  森,311,110,8,25,1,0.27792672,0.000893655,0.098302055,0.098302055,1,27,1350,6.639451852,0.27,0.23037037,0.000740741,3452.551111,758.1666667,481.5833333,193.5833333,0.561604938,0.356728395,0.143395062
94,岩手,岩  手,0.357762766,7842.675,24,1076,7.288731413,3.675,4672776,岩  手,340,73,6,25,1.4,0.31598513,0.001301115,0.067843866,0.067843866,2,27.9,1303,6.018937068,0.279,0.260936301,0.001074444,3586.167306,764.9166667,461.1666667,165.5833333,0.587042722,0.353926836,0.127078537
95,宮城,宮  城,0.355073126,13435.315,24,1911,7.030515437,4.5,9102636,宮  城,458,127,6,25,1.9,0.239665097,0.000994244,0.066457352,0.066457352,3,22.9,2325,5.778630108,0.229,0.196989247,0.000817204,3915.112258,1559.75,1020.166667,328.0833333,0.670860215,0.438781362,0.141111111
96,秋田,秋  田,0.348791463,7149.535,24,896,7.979391741,4.225,3731746,秋  田,277,75,7,25,1.1,0.309151786,0.001227679,0.083705357,0.083705357,4,30.7,1063,6.725809031,0.307,0.260583255,0.001034807,3510.579492,529.4166667,323.9166667,125.4166667,0.498040138,0.304719348,0.117983694
97,山形,山  形,0.349443046,6720.955,24,950,7.074689474,3.325,4191442,山  形,279,82,7,25,1,0.293684211,0.001052632,0.086315789,0.086315789,5,28.3,1152,5.834162326,0.283,0.2421875,0.000868056,3638.404514,688.5833333,404.25,138.3333333,0.597728588,0.350911458,0.120081018
98,福島,福  島,0.349363238,10878.905,24,1607,6.769698195,3.75,7432935,福  島,420,126,7,25,2,0.261356565,0.001244555,0.07840697,0.07840697,6,26.1,1962,5.544803772,0.261,0.214067278,0.001019368,3788.448012,1148.083333,765,266.9166667,0.585159701,0.389908257,0.136043153
99,茨城,茨  城,0.359219154,13669.885,24,2410,5.672151452,3.825,12379271,茨  城,613,205,7,25,1.2,0.254356846,0.000497925,0.085062241,0.085062241,7,23.8,2943,4.644881074,0.238,0.20829086,0.000407747,4206.344207,1899.416667,1191.333333,425.5833333,0.645401518,0.404802356,0.144608676
100,栃木,栃  木,0.35975034,9519.975,24,1632,5.833318015,3.675,8557301,栃  木,444,121,6,25,1,0.272058824,0.000612745,0.074142157,0.074142157,8,23.2,1992,4.779103916,0.232,0.222891566,0.000502008,4295.833835,1314.083333,843.3333333,299.3333333,0.659680388,0.423360107,0.150267738
101,群馬,群  馬,0.359816138,9947.235,24,1624,6.125144704,3.35,8124202,群  馬,492,127,7,25,2.1,0.302955665,0.001293103,0.07820197,0.07820197,9,24.9,1992,4.993591867,0.249,0.246987952,0.001054217,4078.414659,1241.083333,766.9166667,289.8333333,0.623033802,0.384998327,0.145498661
102,埼玉,埼  玉,0.361479395,34458.8,24,5922,5.81877744,4.35,21708892,埼  玉,1486,364,5,25,2.7,0.25092874,0.000455927,0.061465721,0.061465721,10,22,7212,4.777981143,0.22,0.20604548,0.000374376,3010.107044,4725.583333,3023.916667,1112.166667,0.655238954,0.41928961,0.154210575
103,新潟,新  潟,0.340912992,15836.54,24,1940,8.163164948,3.625,9263314,新  潟,605,135,6,25,1.9,0.31185567,0.000979381,0.069587629,0.069587629,11,27.2,2347,6.747567107,0.272,0.257775884,0.000809544,3946.874308,1437,844,274.25,0.612270984,0.35960801,0.1168513
104,長野,長  野,0.352804807,11157.405,24,1740,6.412301724,3.35,8620898,長  野,422,121,6,25,1.9,0.242528736,0.001091954,0.06954023,0.06954023,12,27.4,2132,5.233304409,0.274,0.19793621,0.000891182,4043.573171,1372.75,828.4166667,292,0.643878987,0.388563164,0.1369606
105,千葉,千  葉,0.359308045,29293.055,24,5119,5.722417464,4.025,20385983,千  葉,1217,292,5,25,4.1,0.237741746,0.000800938,0.057042391,0.057042391,13,23.2,6195,4.728499596,0.232,0.196448749,0.000661824,3290.715577,4029,2646.666667,938.8333333,0.650363196,0.427226258,0.151546946
106,東京,東  京,0.368368636,91725.23,24,11209,8.183176911,4.55,97164958,東  京,2620,1061,8,25,9,0.233740744,0.000802926,0.09465608,0.09465608,14,21.3,13230,6.933123961,0.213,0.198034769,0.000680272,7344.290098,8947.833333,7349.166667,2088.916667,0.67632905,0.555492567,0.157892416
107,神奈川,神奈川,0.363160299,41235.225,24,7477,5.51494249,4.4,31939365,神奈川,1606,474,5,25,9,0.214792029,0.001203691,0.06339441,0.06339441,15,21.5,9067,4.547835558,0.215,0.177125841,0.000992611,3522.594574,6244.666667,4253.083333,1392.083333,0.688724679,0.469072828,0.153532958
108,山梨,山  梨,0.360530062,4230.47,24,696,6.078261494,3.275,3485107,山  梨,196,50,6,25,0.6,0.281609195,0.000862069,0.07183908,0.07183908,16,25.6,852,4.965340376,0.256,0.230046948,0.000704225,4090.501174,519.75,326.8333333,131.8333333,0.610035211,0.383607199,0.154733959
109,富山,富  山,0.353979637,5655.565,24,894,6.326135347,2.925,4615835,富  山,241,65,6,25,0.7,0.269574944,0.000782998,0.072706935,0.072706935,17,27.6,1082,5.226954713,0.276,0.222735675,0.00064695,4266.021257,646,398.5,126.8333333,0.597042514,0.368299445,0.117221195
110,石川,石  川,0.354751742,5780.415,24,949,6.091059009,3.35,4939664,石  川,204,52,5,25,1.1,0.214963119,0.001159115,0.054794521,0.054794521,18,25,1163,4.970262253,0.25,0.175408426,0.00094583,4247.346518,779.5833333,463.4166667,144.75,0.670321009,0.398466609,0.124462597
111,福井,福  井,0.358190165,3873.11,24,650,5.958630769,2.675,3380836,福  井,140,46,6,25,0.7,0.215384615,0.001076923,0.070769231,0.070769231,19,26,799,4.847446809,0.26,0.175219024,0.000876095,4231.334168,547.25,303.6666667,104.75,0.684918648,0.380058406,0.131101377
112,岐阜,岐  阜,0.358829407,8434.45,24,1675,5.035492537,3.3,7673721,岐  阜,385,105,5,25,1,0.229850746,0.000597015,0.062686567,0.062686567,20,25.2,2061,4.092406599,0.252,0.186802523,0.000485201,3723.299854,1354.833333,779,271.0833333,0.657366974,0.377971858,0.131530002
113,静岡,静  岡,0.361378474,18027.98,24,3055,5.901139116,3.325,17045901,静  岡,759,227,6,25,3.3,0.248445172,0.001080196,0.074304419,0.074304419,21,24.9,3735,4.826768407,0.249,0.203212851,0.000883534,4563.828916,2539.75,1595.25,566,0.679986613,0.427108434,0.151539491
114,愛知,愛  知,0.367674425,32091.48,24,6011,5.338792214,3.55,37273853,愛  知,1389,363,5,25,4.9,0.23107636,0.000815172,0.060389286,0.060389286,22,21.4,7427,4.320920964,0.214,0.187020331,0.000659755,5018.695705,5626.416667,3522.666667,1110.583333,0.757562497,0.474305462,0.149533235
115,三重,三  重,0.355950121,7732.365,24,1501,5.151475683,3.225,8704357,三  重,348,90,5,25,2.2,0.231845436,0.00146569,0.059960027,0.059960027,23,25.3,1840,4.202372283,0.253,0.189130435,0.001195652,4730.628804,1208.5,744.8333333,270.3333333,0.656793478,0.404800725,0.14692029
116,滋賀,滋  賀,0.352305397,5591.195,24,1132,4.939218198,3.875,6490821,滋  賀,293,63,5,25,1.2,0.258833922,0.001060071,0.05565371,0.05565371,24,21.6,1415,3.951374558,0.216,0.207067138,0.000848057,4587.15265,1089.166667,605,192.25,0.769729093,0.427561837,0.135865724
117,京都,京  都,0.364552732,13313.845,24,2172,6.129762891,4.55,10408910,京  都,498,138,5,25,2,0.229281768,0.00092081,0.063535912,0.063535912,25,24.7,2625,5.071940952,0.247,0.189714286,0.000761905,3965.299048,1664.083333,1092.916667,390.25,0.633936508,0.416349206,0.148666667
118,大阪,大  阪,0.368471718,49840.15,24,7289,6.837721224,5.5,38851996,大  阪,1811,659,8,25,4.3,0.248456578,0.00058993,0.090410207,0.090410207,26,23.7,8856,5.627839883,0.237,0.204494128,0.000485547,4387.081752,6020.833333,3970.583333,1541.25,0.679859229,0.448349518,0.174034553
119,兵庫,兵  庫,0.361970931,27119.36,24,4551,5.958989233,4.575,20188430,兵  庫,1126,365,7,25,4.2,0.24741815,0.000922874,0.080202153,0.080202153,27,24.3,5571,4.867951894,0.243,0.202118112,0.000753904,3623.843116,3836.083333,2333.166667,842.5833333,0.688580745,0.41880572,0.15124454
120,奈良,奈  良,0.35701653,5537.99,24,1138,4.86642355,4.25,3742205,奈  良,252,68,5,25,0.9,0.221441125,0.000790861,0.059753954,0.059753954,28,25.5,1390,3.984165468,0.255,0.181294964,0.000647482,2692.233813,867.1666667,512.8333333,194.3333333,0.623860911,0.368944844,0.139808153
121,和歌山,和歌山,0.359681611,4973.18,24,813,6.117072571,3.6,3734772,和歌山,208,58,6,25,0.8,0.255842558,0.00098401,0.071340713,0.071340713,29,28.4,988,5.033582996,0.284,0.210526316,0.000809717,3780.133603,611.8333333,381.5,164.0833333,0.619264507,0.386133603,0.166076248
122,鳥取,鳥  取,0.352057282,3124.93,24,475,6.5788,3.65,1963816,鳥  取,121,28,5,25,0.6,0.254736842,0.001263158,0.058947368,0.058947368,30,27.2,582,5.369295533,0.272,0.20790378,0.001030928,3374.254296,387.9166667,229.8333333,86,0.666523482,0.394902635,0.147766323
123,島根,島  根,0.347822085,4006.3,24,582,6.883676976,2.675,2521240,島  根,177,45,7,25,0.8,0.304123711,0.00137457,0.077319588,0.077319588,31,30,707,5.666619519,0.3,0.250353607,0.001131542,3566.110325,460.75,258.6666667,83.66666667,0.651697313,0.365865158,0.118340405
124,岡山,岡  山,0.354405562,8735.025,24,1580,5.528496835,3.775,7750586,岡  山,340,130,7,25,2.4,0.215189873,0.001518987,0.082278481,0.082278481,32,26.2,1936,4.511893079,0.262,0.175619835,0.001239669,4003.40186,1350.916667,795.9166667,289.4166667,0.697787535,0.411113981,0.14949208
125,広島,広  島,0.361519053,15098.95,24,2327,6.48859046,3.6,11471822,広  島,556,181,6,25,2.1,0.23893425,0.00090245,0.077782553,0.077782553,33,25.3,2848,5.301597612,0.253,0.195224719,0.00073736,4028.027388,2066.166667,1218.25,420.3333333,0.725479869,0.42775632,0.147588951
126,山口,山  口,0.361439063,7469.485,24,1185,6.303362869,3.55,6188551,山  口,281,99,7,25,1,0.237130802,0.000843882,0.083544304,0.083544304,34,29.2,1431,5.219765898,0.292,0.196366177,0.000698812,4324.633823,907.4166667,542,196.3333333,0.634113673,0.378756115,0.137200093
127,徳島,徳  島,0.359273732,3609.63,24,646,5.587662539,3.925,3034411,徳  島,169,67,9,25,0.9,0.261609907,0.001393189,0.10371517,0.10371517,35,28,776,4.651585052,0.28,0.217783505,0.001159794,3910.323454,469.5833333,287.4166667,104.25,0.605133161,0.370382302,0.134342784
128,香川,香  川,0.360131996,4679.93,24,811,5.770567201,3.425,3989213,香  川,184,66,7,25,0.7,0.226880395,0.000863132,0.081381011,0.081381011,36,27.1,989,4.7319818,0.271,0.186046512,0.000707786,4033.582406,673.5,398.5833333,153.1666667,0.6809909,0.403016515,0.154870239
129,愛媛,愛  媛,0.363573313,6883.655,24,1167,5.898590403,3.75,5043843,愛  媛,316,96,7,25,1.2,0.270779777,0.001028278,0.082262211,0.082262211,37,27.8,1415,4.864773852,0.278,0.223321555,0.000848057,3564.553357,910.75,527.0833333,207.5833333,0.643639576,0.372497055,0.146702002
130,高知,高  知,0.364689133,4574.655,24,628,7.284482484,3.7,2291796,高  知,160,64,9,25,0.7,0.25477707,0.00111465,0.101910828,0.101910828,38,30.1,752,6.083317819,0.301,0.212765957,0.000930851,3047.601064,437.5833333,271.1666667,113.5,0.58189273,0.360593972,0.150930851
131,福岡,福  岡,0.363552938,27501.43,24,4153,6.622063569,5.15,18639643,福  岡,1067,311,6,25,8,0.256922706,0.001926318,0.074885625,0.074885625,39,23.3,5085,5.408344149,0.233,0.209832842,0.001573255,3665.613176,3814,2318.25,863.9166667,0.750049164,0.455899705,0.169895116
132,佐賀,佐  賀,0.354858113,4177.41,24,679,6.152297496,3.7,2841615,佐  賀,151,51,6,25,0.8,0.222385862,0.001178203,0.075110457,0.075110457,40,25.3,843,4.955409253,0.253,0.179122183,0.000948992,3370.836299,610.9166667,325.4166667,119.4166667,0.724693555,0.386022143,0.141656781
133,長崎,長  崎,0.363380971,7236.13,24,1145,6.319764192,4.275,4677031,長  崎,280,97,7,25,1.8,0.244541485,0.001572052,0.084716157,0.084716157,41,27,1408,5.139296875,0.27,0.198863636,0.001278409,3321.754972,956.6666667,533.3333333,201,0.679450758,0.378787879,0.142755682
134,熊本,熊  本,0.369654062,9971.265,24,1469,6.787791014,4.3,5997099,熊  本,365,119,7,25,2.6,0.248468346,0.001769912,0.081007488,0.081007488,42,26.5,1807,5.518132263,0.265,0.201992252,0.001438849,3318.815163,1333.75,745.5,276,0.738101826,0.412562258,0.152739347
135,大分,大  分,0.361946709,7294.91,24,974,7.489640657,3.85,4631473,大  分,255,87,7,25,1,0.261806982,0.001026694,0.089322382,0.089322382,43,27.6,1185,6.156042194,0.276,0.215189873,0.000843882,3908.416034,800.5,470.6666667,180.1666667,0.675527426,0.397187061,0.152039381
136,宮崎,宮  崎,0.36403897,8344.19,24,914,9.129310722,4.5,3720855,宮  崎,256,80,7,25,1.8,0.280087527,0.001969365,0.087527352,0.087527352,44,26.7,1126,7.410470693,0.267,0.227353464,0.001598579,3304.489343,816.3333333,471.4166667,200,0.724985198,0.41866489,0.177619893
137,鹿児島,鹿児島,0.368158273,13460.155,24,1376,9.78208939,4.4,5591115,鹿児島,362,126,8,25,1.8,0.263081395,0.00130814,0.091569767,0.091569767,45,27,1690,7.964588757,0.27,0.214201183,0.001065089,3308.352071,1235.583333,676.8333333,261.8333333,0.731114398,0.400493097,0.154930966
138,北海道,北海道,0.367391314,33322.11,23,4580,7.275569869,5.225,18857194,北海道,1206,321,6,24,6.1,0.263318777,0.001331878,0.070087336,0.070087336,0,25.2,5486,6.074026613,0.252,0.2198323,0.001111921,3437.330295,3269.416667,2215.583333,975.1666667,0.595956374,0.403861344,0.177755499
139,青森,青  森,0.362744529,9165.32,23,1127,8.132493345,5.975,4601836,青  森,327,108,8,24,1,0.290150843,0.000887311,0.095829636,0.095829636,1,26.1,1363,6.724372707,0.261,0.239911959,0.000733676,3376.255319,795.4166667,472.25,201.25,0.583577892,0.346478357,0.147652238
140,岩手,岩  手,0.357762766,7717.66,23,1084,7.119612546,4.8,4453705,岩  手,329,82,6,24,1.4,0.303505535,0.001291513,0.075645756,0.075645756,2,27.3,1314,5.873409437,0.273,0.250380518,0.001065449,3389.425419,786.4166667,464.25,174.9166667,0.598490614,0.353310502,0.133117707
141,宮城,宮  城,0.355073126,12612.94,23,1908,6.610555556,5.575,8159753,宮  城,437,116,5,24,1.9,0.229035639,0.000995807,0.060796646,0.060796646,3,22.4,2327,5.420257843,0.224,0.187795445,0.000816502,3506.554792,1566.416667,1021.416667,336.9166667,0.673148546,0.438941413,0.144785847
142,秋田,秋  田,0.348791463,7377.45,23,905,8.151878453,4.875,3749784,秋  田,293,90,9,24,1.1,0.323756906,0.00121547,0.099447514,0.099447514,4,29.7,1075,6.862744186,0.297,0.27255814,0.001023256,3488.171163,552.4166667,343.3333333,128.0833333,0.513875969,0.319379845,0.119147287
143,山形,山  形,0.349443046,6815.715,23,957,7.121959248,3.975,4149411,山  形,290,64,6,24,1,0.303030303,0.001044932,0.066875653,0.066875653,5,27.6,1161,5.870555556,0.276,0.249784668,0.000861326,3573.997416,699.4166667,402,142.8333333,0.60242607,0.34625323,0.123026127
144,福島,福  島,0.349363238,10571.105,23,1625,6.505295385,4.675,6978230,福  島,428,114,6,24,2,0.263384615,0.001230769,0.070153846,0.070153846,6,25.2,1990,5.312113065,0.252,0.215075377,0.001005025,3506.648241,1240.5,762,279.9166667,0.623366834,0.382914573,0.140661642
145,茨城,茨  城,0.359219154,13509.695,23,2416,5.591761175,4.275,12330557,茨  城,614,184,6,24,1.2,0.254139073,0.000496689,0.07615894,0.07615894,7,22.9,2958,4.567172076,0.229,0.207572684,0.00040568,4168.545301,1921.416667,1214.416667,430.5833333,0.649566148,0.410553302,0.145565698
146,栃木,栃  木,0.35975034,8948.975,23,1637,5.46669212,4.1,8675960,栃  木,449,117,6,24,1,0.274282224,0.000610874,0.071472205,0.071472205,8,22.3,2000,4.4744875,0.223,0.2245,0.0005,4337.98,1322.333333,851.6666667,315,0.661166667,0.425833333,0.1575
147,群馬,群  馬,0.359816138,9935.43,23,1629,6.099097606,4,8150611,群  馬,459,132,7,24,2.1,0.281767956,0.001289134,0.081031308,0.081031308,9,23.9,2001,4.965232384,0.239,0.229385307,0.001049475,4073.268866,1289.916667,769.9166667,295.6666667,0.644636015,0.38476595,0.147759454
148,埼玉,埼  玉,0.361479395,34175.84,23,5909,5.783692672,4.625,21641890,埼  玉,1528,327,5,24,2.7,0.258588594,0.00045693,0.055339313,0.055339313,10,20.9,7207,4.742034133,0.209,0.212016095,0.000374636,3002.898571,4787.166667,3060.25,1139.166667,0.664238472,0.424621895,0.158063919
149,新潟,新  潟,0.340912992,15794.15,23,1951,8.095412609,3.9,9317128,新  潟,617,154,7,24,1.9,0.316248078,0.00097386,0.07893388,0.07893388,11,26.4,2362,6.686769687,0.264,0.261219306,0.000804403,3944.592718,1469,852.3333333,266.4166667,0.621930567,0.360852385,0.112792831
150,長野,長  野,0.352804807,11372.295,23,1748,6.505889588,3.65,8650672,長  野,447,115,6,24,1.9,0.255720824,0.001086957,0.065789474,0.065789474,12,26.7,2142,5.309194678,0.267,0.208683473,0.000887021,4038.595705,1414.583333,837.4166667,288.6666667,0.66040305,0.390950825,0.134765017
151,千葉,千  葉,0.359308045,28679.35,23,5128,5.592696958,4.325,20437502,千  葉,1215,309,5,24,4.1,0.236934477,0.000799532,0.06025741,0.06025741,13,22,6214,4.615280013,0.22,0.195526231,0.0006598,3288.944641,4165.666667,2685.583333,981.3333333,0.670367986,0.432182706,0.15792297
152,東京,東  京,0.368368636,92010.735,23,11171,8.236571032,4.75,97381097,東  京,2575,1062,8,24,9,0.230507564,0.000805658,0.095067586,0.095067586,14,20.6,13196,6.972623143,0.206,0.195134889,0.000682025,7379.592073,8842.25,7324.75,2100.166667,0.670070476,0.555073507,0.159151763
153,神奈川,神奈川,0.363160299,42215.455,23,7459,5.659666845,4.425,32405248,神奈川,1659,448,5,24,9,0.222415873,0.001206596,0.06006167,0.06006167,15,20.6,9058,4.660571318,0.206,0.183153014,0.000993597,3577.527931,6346.5,4248.5,1412.666667,0.700651358,0.469032899,0.155957901
154,山梨,山  梨,0.360530062,4997.285,23,697,7.169705882,3.75,3562762,山  梨,185,58,7,24,0.6,0.265423242,0.000860832,0.083213773,0.083213773,16,24.8,857,5.83113769,0.248,0.215869312,0.000700117,4157.248541,536.0833333,333.5,127.8333333,0.625534811,0.389148191,0.149163749
155,富山,富  山,0.353979637,5803.935,23,897,6.470384615,3.225,4708191,富  山,238,69,6,24,0.7,0.265328874,0.000780379,0.076923077,0.076923077,17,26.4,1088,5.334499081,0.264,0.21875,0.000643382,4327.381434,661.5833333,392.25,126.9166667,0.608072917,0.360523897,0.116651348
156,石川,石  川,0.354751742,6016.315,23,950,6.332963158,3.725,4838087,石  川,241,51,4,24,1.1,0.253684211,0.001157895,0.053684211,0.053684211,18,23.9,1166,5.15978988,0.239,0.206689537,0.000943396,4149.302744,815.25,459.75,146.8333333,0.699185249,0.394296741,0.125929102
157,福井,福  井,0.358190165,3737.37,23,652,5.732162577,2.975,3535353,福  井,159,54,7,24,0.7,0.243865031,0.00107362,0.082822086,0.082822086,19,25.2,803,4.654259029,0.252,0.198007472,0.000871731,4402.681196,565.3333333,304.4166667,97.33333333,0.704026567,0.379099211,0.121212121
158,岐阜,岐  阜,0.358829407,8679.015,23,1681,5.163007139,3.6,7668258,岐  阜,425,97,5,24,1,0.252825699,0.000594884,0.057703748,0.057703748,20,24.3,2071,4.190736359,0.243,0.205214872,0.000482859,3702.683728,1399.5,805.0833333,285.5,0.675760502,0.388741349,0.137856108
159,静岡,静  岡,0.361378474,18432.255,23,3066,6.011824853,3.55,17094100,静  岡,751,184,5,24,3.3,0.244944553,0.001076321,0.060013046,0.060013046,21,24.1,3749,4.916579088,0.241,0.200320085,0.000880235,4559.642571,2597.666667,1595.083333,570.3333333,0.692895883,0.425469014,0.152129457
160,愛知,愛  知,0.367674425,32930.295,23,5993,5.494793092,3.575,35859702,愛  知,1332,327,5,24,4.9,0.222259303,0.000817621,0.054563658,0.054563658,22,20.6,7416,4.440438916,0.206,0.17961165,0.000660734,4835.450647,5727.666667,3543,1122.083333,0.772339087,0.477750809,0.151305735
161,三重,三  重,0.355950121,7847.61,23,1505,5.214358804,3.475,8454063,三  重,370,98,5,24,2.2,0.245847176,0.001461794,0.065116279,0.065116279,23,24.4,1847,4.248841364,0.244,0.200324851,0.001191121,4577.186248,1259.333333,743.8333333,269.6666667,0.681826385,0.40272514,0.146002527
162,滋賀,滋  賀,0.352305397,5648.955,23,1129,5.0035031,3.65,6544577,滋  賀,282,65,5,24,1.2,0.249778565,0.001062888,0.057573074,0.057573074,24,20.9,1414,3.99501768,0.209,0.199434229,0.000848656,4628.41372,1102.916667,628.5,196.6666667,0.779997643,0.444483734,0.139085337
163,京都,京  都,0.364552732,13257.63,23,2174,6.098265869,4.7,10439457,京  都,447,138,5,24,2,0.205611776,0.000919963,0.063477461,0.063477461,25,23.7,2632,5.037093465,0.237,0.169832827,0.000759878,3966.359043,1725.083333,1075.75,386.1666667,0.655426798,0.408719605,0.146719858
164,大阪,大  阪,0.368471718,49660.83,23,7284,6.81779654,5.1,38995280,大  阪,1877,713,8,24,4.3,0.257688083,0.000590335,0.097885777,0.097885777,26,22.7,8861,5.604427266,0.227,0.211827108,0.000485273,4400.776436,6151.25,4064.75,1612.333333,0.694193658,0.45872362,0.181958394
165,兵庫,兵  庫,0.361970931,27033.975,23,4556,5.933708297,4.625,20277077,兵  庫,1135,356,7,24,4.2,0.249122037,0.000921861,0.078138718,0.078138718,27,23.4,5582,4.843062522,0.234,0.203332139,0.000752418,3632.582766,3933.083333,2351.5,855.6666667,0.704601099,0.42126478,0.153290338
166,奈良,奈  良,0.35701653,5605.445,23,1143,4.904151356,4.475,3741920,奈  良,245,71,5,24,0.9,0.214348206,0.000787402,0.062117235,0.062117235,28,24.4,1396,4.015361748,0.244,0.175501433,0.000644699,2680.458453,868.6666667,524.1666667,201.4166667,0.622254059,0.375477555,0.14428128
167,和歌山,和歌山,0.359681611,4720.14,23,822,5.742262774,3.85,3679374,和歌山,180,72,7,24,0.8,0.218978102,0.000973236,0.087591241,0.087591241,29,27.5,995,4.743859296,0.275,0.180904523,0.00080402,3697.863317,624.4166667,387.6666667,160.8333333,0.627554439,0.38961474,0.161641541
168,鳥取,鳥  取,0.352057282,3273.51,23,481,6.805634096,3.75,1971785,鳥  取,121,45,8,24,0.6,0.251559252,0.001247401,0.093555094,0.093555094,30,26.4,585,5.59574359,0.264,0.206837607,0.001025641,3370.57265,414.25,227.25,86.91666667,0.708119658,0.388461538,0.148575499
169,島根,島  根,0.347822085,4007.075,23,585,6.849700855,2.725,2572839,島  根,160,61,9,24,0.8,0.273504274,0.001367521,0.104273504,0.104273504,31,29.1,712,5.627914326,0.291,0.224719101,0.001123596,3613.537921,465.5833333,256.4166667,88.25,0.653909176,0.360135768,0.123946629
170,岡山,岡  山,0.354405562,8899.69,23,1582,5.625594185,3.65,7899075,岡  山,360,110,6,24,2.4,0.227560051,0.001517067,0.069532238,0.069532238,32,25.4,1941,4.585105616,0.254,0.185471406,0.001236476,4069.590417,1386.666667,805.4166667,291.1666667,0.714408381,0.414949339,0.150008587
171,広島,広  島,0.361519053,15359.38,23,2332,6.58635506,3.525,11875687,広  島,579,162,6,24,2.1,0.248284734,0.000900515,0.069468268,0.069468268,33,24.3,2855,5.379817863,0.243,0.202802102,0.000735552,4159.610158,2117.333333,1243.416667,429.1666667,0.741622884,0.435522475,0.150321074
172,山口,山  口,0.361439063,7595.855,23,1191,6.377712007,3.4,6099794,山  口,331,96,7,24,1,0.277917716,0.000839631,0.080604534,0.080604534,34,28.2,1442,5.267583218,0.282,0.229542302,0.000693481,4230.092926,901.5833333,549.3333333,204.1666667,0.62523116,0.380952381,0.141585761
173,徳島,徳  島,0.359273732,3688.27,23,646,5.709396285,4.175,3074798,徳  島,147,54,7,24,0.9,0.22755418,0.001393189,0.083591331,0.083591331,35,27.1,780,4.728551282,0.271,0.188461538,0.001153846,3942.048718,494.3333333,279.25,110.5833333,0.633760684,0.358012821,0.141773504
174,香川,香  川,0.360131996,4559.705,23,815,5.594730061,3.65,3941408,香  川,172,71,7,24,0.7,0.211042945,0.000858896,0.087116564,0.087116564,36,26.1,992,4.596476815,0.261,0.173387097,0.000705645,3973.193548,687.3333333,409.75,152.9166667,0.692876344,0.413054435,0.154149866
175,愛媛,愛  媛,0.363573313,7086.04,23,1173,6.040954817,4.075,5362568,愛  媛,290,96,7,24,1.2,0.247229327,0.001023018,0.081841432,0.081841432,37,26.9,1423,4.97964863,0.269,0.2037948,0.000843289,3768.494729,948,543.8333333,221.25,0.666198173,0.382173811,0.155481377
176,高知,高  知,0.364689133,4537.515,23,632,7.179612342,4.15,2293692,高  知,194,64,9,24,0.7,0.306962025,0.001107595,0.101265823,0.101265823,38,29,758,5.986167546,0.29,0.255936675,0.000923483,3025.978892,438.1666667,260.6666667,118.5,0.578056289,0.343887423,0.156332454
177,福岡,福  岡,0.363552938,27658.395,23,4141,6.679158416,5.475,18681392,福  岡,1119,308,6,24,8,0.270224583,0.001931901,0.07437817,0.07437817,39,22.5,5079,5.445637921,0.225,0.22031896,0.001575113,3678.163418,3839.166667,2351.583333,880.1666667,0.755890267,0.463001247,0.173295268
178,佐賀,佐  賀,0.354858113,4281.015,23,679,6.30488218,4.05,2878484,佐  賀,176,49,6,24,0.8,0.259204713,0.001178203,0.072164948,0.072164948,40,24.7,847,5.054327037,0.247,0.207792208,0.00094451,3398.446281,633.5833333,336.4166667,125.9166667,0.748032271,0.397186147,0.148661944
179,長崎,長  崎,0.363380971,7410.265,23,1153,6.426942758,4.525,4673200,長  崎,248,93,7,24,1.8,0.215091067,0.001561145,0.08065915,0.08065915,41,26.2,1417,5.229544813,0.262,0.175017643,0.001270289,3297.953423,990.3333333,532.25,201.3333333,0.698894378,0.375617502,0.142084215
180,熊本,熊  本,0.369654062,9805.71,23,1472,6.661487772,4.525,5997718,熊  本,428,110,6,24,2.6,0.29076087,0.001766304,0.074728261,0.074728261,42,25.8,1813,5.408554881,0.258,0.236072808,0.001434087,3308.173194,1334.833333,735.8333333,277.4166667,0.736256665,0.405865049,0.15301526
181,大分,大  分,0.361946709,7028.395,23,977,7.193853634,4.025,4631790,大  分,261,79,7,24,1,0.267144319,0.001023541,0.080859775,0.080859775,43,26.8,1191,5.901255248,0.268,0.219143577,0.000839631,3888.992443,822.9166667,470.8333333,177.1666667,0.690945984,0.395326057,0.148754548
182,宮崎,宮  崎,0.36403897,8322.47,23,917,9.075757906,4.125,3729792,宮  崎,277,77,7,24,1.8,0.302071974,0.001962923,0.083969466,0.083969466,44,25.9,1131,7.358505747,0.259,0.244916004,0.001591512,3297.782493,844.0833333,463.3333333,196.8333333,0.746315945,0.409666961,0.174034777
183,鹿児島,鹿児島,0.368158273,13737.535,23,1382,9.940329233,4.625,5709742,鹿児島,364,99,6,24,1.8,0.263386397,0.00130246,0.071635311,0.071635311,45,26.5,1699,8.085659211,0.265,0.214243673,0.001059447,3360.648617,1261.75,674.5,260.6666667,0.742642731,0.396998234,0.153423583
184,北海道,北海道,0.367391314,33523.875,22,4589,7.305268032,5.225,18715457,北海道,1312,310,6,23,8,0.285901068,0.001743299,0.067552844,0.067552844,0,24.7,5506,6.088607882,0.247,0.238285507,0.00145296,3399.102252,3336.25,2287,1041.75,0.605929895,0.415365056,0.189202688
185,青森,青  森,0.362744529,9257.2,22,1134,8.163315697,6.425,4577205,青  森,356,106,8,23,0.9,0.313932981,0.000793651,0.093474427,0.093474427,1,25.9,1373,6.742316096,0.259,0.259286235,0.000655499,3333.725419,800.6666667,479.25,209.0833333,0.58315125,0.349053168,0.152282107
186,岩手,岩  手,0.357762766,7514.17,22,1093,6.874812443,5.15,4335971,岩  手,370,85,7,23,1.4,0.338517841,0.001280878,0.077767612,0.077767612,2,27.1,1330,5.64975188,0.271,0.278195489,0.001052632,3260.128571,797.9166667,447.8333333,181.75,0.599937343,0.336716792,0.136654135
187,宮城,宮  城,0.355073126,11196.155,22,1920,5.831330729,5.75,8210249,宮  城,480,121,5,23,1.9,0.25,0.000989583,0.063020833,0.063020833,3,22.4,2348,4.768379472,0.224,0.204429302,0.000809199,3496.698893,1519.5,926.6666667,357.25,0.647146508,0.394662124,0.152150767
188,秋田,秋  田,0.348791463,7439.32,22,916,8.121528384,5.275,3642326,秋  田,346,86,8,23,1.1,0.377729258,0.001200873,0.093886463,0.093886463,4,29.7,1086,6.850202578,0.297,0.318600368,0.001012891,3353.891344,559.0833333,348.5833333,142.25,0.514809699,0.320979128,0.130985267
189,山形,山  形,0.349443046,6708.115,22,966,6.944218427,4.525,4015143,山  形,264,59,5,23,1.3,0.273291925,0.001345756,0.061076605,0.061076605,5,27.6,1169,5.738336185,0.276,0.225834046,0.001112062,3434.681779,723.1666667,417.6666667,150.9166667,0.618619903,0.357285429,0.129098945
190,福島,福  島,0.349363238,9338.795,22,1650,5.659875758,5.125,7551662,福  島,502,137,7,23,1.9,0.304242424,0.001151515,0.083030303,0.083030303,6,25,2029,4.602658945,0.25,0.247412518,0.000936422,3721.863972,1320,761.0833333,307.3333333,0.650566782,0.375102678,0.151470347
191,茨城,茨  城,0.359219154,12658.8,22,2426,5.21797197,4.725,11900115,茨  城,682,173,6,23,2.3,0.281121187,0.000948063,0.0713108,0.0713108,7,22.5,2970,4.262222222,0.225,0.22962963,0.000774411,4006.772727,1985.25,1223,461.6666667,0.668434343,0.411784512,0.155443322
192,栃木,栃  木,0.35975034,9642.22,22,1645,5.861531915,4.625,8604429,栃  木,479,108,6,23,1.2,0.29118541,0.000729483,0.065653495,0.065653495,8,22.1,2008,4.80190239,0.221,0.238545817,0.00059761,4285.074203,1372.5,864.75,313.5,0.683515936,0.43065239,0.156125498
193,群馬,群  馬,0.359816138,10085.185,22,1634,6.172083843,4.625,7981292,群  馬,476,129,7,23,2.1,0.29130967,0.00128519,0.078947368,0.078947368,9,23.6,2008,5.02250249,0.236,0.237051793,0.001045817,3974.747012,1317.083333,786.4166667,312,0.655917995,0.391641766,0.155378486
194,埼玉,埼  玉,0.361479395,33101.995,22,5882,5.627676811,5.025,21118425,埼  玉,1586,342,5,23,5,0.269636178,0.000850051,0.058143489,0.058143489,10,20.4,7195,4.600694232,0.204,0.220430855,0.000694927,2935.152884,4945.75,3177.416667,1162.416667,0.687387074,0.441614547,0.161558953
195,新潟,新  潟,0.340912992,15382.83,22,1961,7.844380418,4.375,9079673,新  潟,651,156,7,23,2.5,0.331973483,0.00127486,0.079551249,0.079551249,11,26.3,2374,6.479709351,0.263,0.274220725,0.001053075,3824.630581,1507.833333,897.5,281.5833333,0.635144622,0.378053917,0.118611345
196,長野,長  野,0.352804807,11662.33,22,1757,6.637638019,3.825,8462682,長  野,493,131,6,23,1.9,0.280591918,0.001081389,0.074558907,0.074558907,12,26.5,2152,5.419298327,0.265,0.229089219,0.0008829,3932.473048,1432.416667,838.0833333,295.0833333,0.665621128,0.389443928,0.137120508
197,千葉,千  葉,0.359308045,28731.075,22,5124,5.607157494,4.7,20259730,千  葉,1370,274,5,23,4.3,0.267369243,0.000839188,0.053473849,0.053473849,13,21.5,6216,4.622116313,0.215,0.22039897,0.000691763,3259.287323,4279.916667,2810.583333,1012.166667,0.688532282,0.452153046,0.162832475
198,東京,東  京,0.368368636,96887.355,22,11121,8.712108174,5.45,95249803,東  京,2919,1041,8,23,11.9,0.262476396,0.001070048,0.09360669,0.09360669,14,20.4,13159,7.362820503,0.204,0.221825367,0.000904324,7238.377004,8959.416667,7434.75,2145.583333,0.680858475,0.564993541,0.163050637
199,神奈川,神奈川,0.363160299,41841.3,22,7435,5.627612643,4.8,31490399,神奈川,1872,474,5,23,5.1,0.251782112,0.000685945,0.063752522,0.063752522,15,20.2,9048,4.624370027,0.202,0.206896552,0.00056366,3480.371242,6435.583333,4400.666667,1445.25,0.711271367,0.486368995,0.159731432
200,山梨,山  梨,0.360530062,4451.59,22,702,6.341296296,4.2,3465593,山  梨,212,56,7,23,0.6,0.301994302,0.000854701,0.07977208,0.07977208,16,24.8,863,5.158273465,0.248,0.245654693,0.000695249,4015.750869,548.1666667,341.1666667,134.6666667,0.635187331,0.395326381,0.156044805
201,富山,富  山,0.353979637,5731.93,22,904,6.340630531,3.75,4561257,富  山,271,62,6,23,0.8,0.299778761,0.000884956,0.068584071,0.068584071,17,26.3,1093,5.244217749,0.263,0.247941446,0.00073193,4173.153705,666.75,400,125.1666667,0.610018298,0.365965233,0.114516621
202,石川,石  川,0.354751742,5944.35,22,952,6.244065126,4.25,4750647,石  川,261,63,5,23,1.3,0.274159664,0.001365546,0.066176471,0.066176471,18,23.8,1170,5.080641026,0.238,0.223076923,0.001111111,4060.382051,789.5833333,478.5,151,0.67485755,0.408974359,0.129059829
203,福井,福  井,0.358190165,3785.905,22,655,5.780007634,3.275,3548932,福  井,146,57,7,23,0.6,0.222900763,0.000916031,0.087022901,0.087022901,19,25.3,806,4.697152605,0.253,0.181141439,0.000744417,4403.141439,564.5833333,311.6666667,102.9166667,0.7004756,0.386683209,0.127688172
204,岐阜,岐  阜,0.358829407,8762.18,22,1688,5.190864929,3.65,7517965,岐  阜,460,107,5,23,1.5,0.272511848,0.000888626,0.063388626,0.063388626,20,24.1,2081,4.21056223,0.241,0.221047573,0.000720807,3612.66939,1416.416667,825.1666667,278,0.68064232,0.396524107,0.13358962
205,静岡,静  岡,0.361378474,19247.475,22,3085,6.239051864,3.85,16801351,静  岡,832,212,6,23,2.2,0.269692058,0.000713128,0.068719611,0.068719611,21,23.9,3765,5.112211155,0.239,0.220982736,0.000584329,4462.510226,2646,1654.416667,596.1666667,0.702788845,0.439420097,0.1583444
206,愛知,愛  知,0.367674425,33004.595,22,5981,5.518240261,4.075,34077499,愛  知,1481,348,5,23,5.9,0.247617455,0.000986457,0.05818425,0.05818425,22,20.3,7411,4.453460397,0.203,0.199838079,0.000796114,4598.232222,5818.916667,3682.333333,1168.083333,0.785172941,0.496874016,0.157614807
207,三重,三  重,0.355950121,7876.025,22,1512,5.209011243,3.85,8392252,三  重,359,96,5,23,1.7,0.237433862,0.001124339,0.063492063,0.063492063,23,24.3,1855,4.24583558,0.243,0.193530997,0.000916442,4524.125067,1262.916667,767,284.1666667,0.68081761,0.413477089,0.153189578
208,滋賀,滋  賀,0.352305397,5514.225,22,1125,4.901533333,4.45,6483754,滋  賀,309,62,4,23,0.9,0.274666667,0.0008,0.055111111,0.055111111,24,20.6,1411,3.908026223,0.206,0.218993622,0.000637845,4595.148122,1115.416667,640.8333333,201,0.790515001,0.45416962,0.142452162
209,京都,京  都,0.364552732,13272.175,22,2166,6.127504617,5.475,10199289,京  都,520,137,5,23,2.7,0.240073869,0.001246537,0.063250231,0.063250231,25,23.4,2636,5.034967754,0.234,0.197268589,0.001024279,3869.229514,1756.166667,1115.333333,412.3333333,0.666224077,0.423115832,0.156423875
210,大阪,大  阪,0.368471718,49940.265,22,7273,6.866528943,6.675,38281635,大  阪,1954,681,8,23,5,0.268664925,0.000687474,0.093633989,0.093633989,26,22.4,8865,5.633419628,0.224,0.220417372,0.000564016,4318.28934,6226,4164.333333,1691.166667,0.702312465,0.469749953,0.190768942
211,兵庫,兵  庫,0.361970931,26343.905,22,4558,5.779707108,5.175,20394968,兵  庫,1256,340,6,23,4.6,0.275559456,0.001009215,0.07459412,0.07459412,27,23.1,5588,4.714370974,0.231,0.224767359,0.000823193,3649.779528,3992.75,2450.583333,883.4166667,0.71452219,0.438543904,0.158091744
212,奈良,奈  良,0.35701653,5830.895,22,1143,5.101395451,4.725,3763903,奈  良,242,79,6,23,1.1,0.211723535,0.00096238,0.06911636,0.06911636,28,23.9,1401,4.161952177,0.239,0.172733762,0.000785153,2686.583155,882.5833333,536.75,213.1666667,0.62996669,0.383119201,0.152153224
213,和歌山,和歌山,0.359681611,4838.245,22,827,5.850356711,4.2,3595835,和歌山,236,87,9,23,0.7,0.285368803,0.000846433,0.105199516,0.105199516,29,27.3,1002,4.828587824,0.273,0.235528942,0.000698603,3588.657685,623,386.9166667,169.0833333,0.621756487,0.386144378,0.168745842
214,鳥取,鳥  取,0.352057282,3356.705,22,483,6.949699793,4.275,1938180,鳥  取,147,46,8,23,0.9,0.304347826,0.001863354,0.095238095,0.095238095,30,26.3,589,5.698989813,0.263,0.249575552,0.001528014,3290.628183,397.8333333,229.5833333,93.41666667,0.675438596,0.389784946,0.158602151
215,島根,島  根,0.347822085,4095.915,22,591,6.930482234,2.85,2481176,島  根,186,54,8,23,0.9,0.314720812,0.001522843,0.091370558,0.091370558,31,29,717,5.712573222,0.29,0.259414226,0.00125523,3460.496513,474.4166667,265,89.41666667,0.661668991,0.369595537,0.124709437
216,岡山,岡  山,0.354405562,9008.465,22,1585,5.683574132,4.125,7518826,岡  山,388,94,5,23,1.2,0.244794953,0.000757098,0.059305994,0.059305994,32,25.2,1945,4.631601542,0.252,0.199485861,0.000616967,3865.720308,1385.833333,805.75,301.1666667,0.712510711,0.414267352,0.154841474
217,広島,広  島,0.361519053,15274.115,22,2337,6.535778776,3.975,11160917,広  島,553,160,6,23,2.8,0.236628156,0.001198117,0.068463843,0.068463843,33,24,2861,5.338732961,0.24,0.19328906,0.000978679,3901.054526,2118.583333,1247.666667,444.9166667,0.740504485,0.436094606,0.155510894
218,山口,山  口,0.361439063,7631.01,22,1201,6.3538801,3.775,5991675,山  口,344,101,7,23,1.5,0.286427977,0.001248959,0.084096586,0.084096586,34,27.9,1451,5.259138525,0.279,0.237077877,0.00103377,4129.341833,961.6666667,563.1666667,209.3333333,0.662761314,0.388123133,0.144268321
219,徳島,徳  島,0.359273732,3742.96,22,652,5.740736196,4.5,3026850,徳  島,146,70,9,23,0.7,0.22392638,0.00107362,0.107361963,0.107361963,35,27,785,4.768101911,0.27,0.185987261,0.00089172,3855.859873,494.9166667,287.75,119.5,0.630467091,0.36656051,0.152229299
220,香川,香  川,0.360131996,4648.355,22,819,5.675647131,3.825,3762949,香  川,239,55,6,23,0.7,0.291819292,0.000854701,0.067155067,0.067155067,36,25.9,996,4.667023092,0.259,0.239959839,0.000702811,3778.061245,695.8333333,401.0833333,155.75,0.698627845,0.40269411,0.156375502
221,愛媛,愛  媛,0.363573313,7093.51,22,1181,6.006359018,4.45,5102991,愛  媛,305,90,6,23,1.3,0.258255715,0.001100762,0.076206605,0.076206605,37,26.7,1431,4.957030049,0.267,0.213137666,0.000908456,3566.031447,957.9166667,563.1666667,233.1666667,0.66940368,0.393547636,0.162939669
222,高知,高  知,0.364689133,4849.615,22,638,7.601277429,4.8,2289682,高  知,197,67,9,23,0.9,0.308777429,0.001410658,0.105015674,0.105015674,38,28.9,764,6.347663613,0.289,0.257853403,0.00117801,2996.965969,453.5833333,271.1666667,119.5,0.593695462,0.354930192,0.156413613
223,福岡,福  岡,0.363552938,27744.485,22,4127,6.722676278,5.95,18467390,福  岡,1224,346,7,23,5.2,0.296583475,0.001259995,0.083838139,0.083838139,39,22.3,5072,5.470127169,0.223,0.241324921,0.001025237,3641.046924,3902.916667,2373.916667,911.0833333,0.769502497,0.468043507,0.179629995
224,佐賀,佐  賀,0.354858113,4385.595,22,682,6.430491202,4.5,2924083,佐  賀,172,51,6,23,0.8,0.252199413,0.001173021,0.074780059,0.074780059,40,24.6,850,5.159523529,0.246,0.202352941,0.000941176,3440.097647,637.75,350.6666667,125.75,0.750294118,0.41254902,0.147941176
225,長崎,長  崎,0.363380971,7522.06,22,1162,6.473373494,5,4567692,長  崎,320,96,7,23,1.4,0.275387263,0.001204819,0.082616179,0.082616179,41,26.1,1427,5.271240364,0.261,0.224246671,0.000981079,3200.905396,989.5833333,544.4166667,206.75,0.693471152,0.381511329,0.144884373
226,熊本,熊  本,0.369654062,10166.915,22,1475,6.892823729,4.9,5819756,熊  本,416,112,6,23,2.2,0.282033898,0.001491525,0.075932203,0.075932203,42,25.6,1817,5.595440286,0.256,0.228948817,0.001210787,3202.947716,1350,743.4166667,298.6666667,0.742982939,0.409145111,0.164373509
227,大分,大  分,0.361946709,7013.295,22,985,7.120096447,4.45,4525567,大  分,251,69,6,23,1.1,0.254822335,0.001116751,0.070050761,0.070050761,43,26.6,1197,5.85906015,0.266,0.209690894,0.000918964,3780.757728,844.0833333,490.6666667,189.0833333,0.705165692,0.409913673,0.157964355
228,宮崎,宮  崎,0.36403897,8285.11,22,919,9.015353645,5.25,3651054,宮  崎,312,85,8,23,1.2,0.339499456,0.001305767,0.092491839,0.092491839,44,25.7,1135,7.299656388,0.257,0.274889868,0.001057269,3216.787665,846.75,480.9166667,196.5,0.746035242,0.423715125,0.173127753
229,鹿児島,鹿児島,0.368158273,13712.62,22,1389,9.872296616,4.95,5700288,鹿児島,411,126,7,23,1.6,0.295896328,0.001151908,0.090712743,0.090712743,45,26.5,1706,8.037878077,0.265,0.24091442,0.000937866,3341.317702,1265.166667,710.3333333,274.5,0.741598281,0.416373583,0.160902696
230,北海道,北海道,0.367391314,33586.28,21,4599,7.302952816,5.175,18480517,北海道,1393,269,5,22,8,0.302891933,0.001739509,0.058490976,0.058490976,0,24.2,5507,6.098834211,0.242,0.25295079,0.001452697,3355.822953,3332,2384.416667,1018.916667,0.605048121,0.432979239,0.185022093
231,青森,青  森,0.362744529,9418.665,21,1139,8.269240562,6.775,4519404,青  森,403,98,7,22,0.9,0.35381914,0.000790167,0.086040386,0.086040386,1,24.9,1379,6.830068891,0.249,0.292240754,0.000652647,3277.305294,793.1666667,503.3333333,234.9166667,0.575175248,0.364998791,0.170352913
232,岩手,岩  手,0.357762766,8172.885,21,1110,7.362959459,5.6,4311851,岩  手,426,81,6,22,1.4,0.383783784,0.001261261,0.072972973,0.072972973,2,26.8,1340,6.09916791,0.268,0.317910448,0.001044776,3217.799254,820.9166667,494.5,194.25,0.612624378,0.369029851,0.144962687
233,宮城,宮  城,0.355073126,12883.53,21,1908,6.752374214,6.2,8016359,宮  城,533,138,6,22,1.9,0.279350105,0.000995807,0.072327044,0.072327044,3,22.1,2336,5.51520976,0.221,0.228167808,0.000813356,3431.660531,1593.333333,1013.583333,374.75,0.682077625,0.433896975,0.160423801
234,秋田,秋  田,0.348791463,7695.085,21,924,8.328014069,5.5,3571431,秋  田,358,67,6,22,1.1,0.387445887,0.001190476,0.072510823,0.072510823,4,28.9,1096,7.021062956,0.289,0.326642336,0.00100365,3258.604927,581.8333333,362,143.0833333,0.53086983,0.330291971,0.130550487
235,山形,山  形,0.349443046,7035.19,21,973,7.2304111,4.8,3773924,山  形,307,57,5,22,1.3,0.315519013,0.001336074,0.058581706,0.058581706,5,27,1179,5.967082273,0.27,0.260390161,0.001102629,3200.95335,722.8333333,434.5,158.75,0.613090189,0.368532655,0.134648007
236,福島,福  島,0.349363238,11645.065,21,1648,7.066180218,5.45,7461078,福  島,508,107,5,22,1.9,0.308252427,0.001152913,0.064927184,0.064927184,6,24.7,2040,5.708365196,0.247,0.249019608,0.000931373,3657.391176,1349.833333,808,337.8333333,0.661683006,0.396078431,0.165604575
237,茨城,茨  城,0.359219154,14068.255,21,2416,5.822953228,4.925,11153775,茨  城,701,151,5,22,2.3,0.290149007,0.000951987,0.0625,0.0625,7,22,2960,4.752788851,0.22,0.236824324,0.000777027,3768.16723,2019.416667,1273.583333,465.0833333,0.68223536,0.43026464,0.157122748
238,栃木,栃  木,0.35975034,9732.445,21,1633,5.959856093,4.825,8127728,栃  木,495,112,6,22,1.2,0.303123086,0.000734844,0.068585426,0.068585426,8,21.7,2006,4.851667498,0.217,0.246759721,0.000598205,4051.708873,1407.916667,885.4166667,321.8333333,0.701852775,0.441384181,0.160435361
239,群馬,群  馬,0.359816138,10226.195,21,1642,6.227889769,4.85,7613278,群  馬,508,121,6,22,2.1,0.309378806,0.001278928,0.073690621,0.073690621,9,23.1,2007,5.095264076,0.231,0.253114101,0.001046338,3793.362232,1364.166667,829.6666667,322.6666667,0.679704368,0.413386481,0.160770636
240,埼玉,埼  玉,0.361479395,34092.865,21,5800,5.878080172,5.05,20425625,埼  玉,1642,330,5,22,5,0.283103448,0.000862069,0.056896552,0.056896552,10,20,7130,4.781607994,0.2,0.23029453,0.000701262,2864.744039,4984.083333,3274.666667,1215.5,0.69902992,0.459280037,0.170476858
241,新潟,新  潟,0.340912992,15765.53,21,1968,8.010940041,4.575,8734675,新  潟,675,142,6,22,2.5,0.342987805,0.001270325,0.072154472,0.072154472,11,26.1,2378,6.629743482,0.261,0.283851976,0.001051304,3673.118167,1487.5,904.4166667,280.4166667,0.625525652,0.380326605,0.117921222
242,長野,長  野,0.352804807,11682.68,21,1769,6.604115319,4.35,8145261,長  野,501,125,6,22,1.9,0.283210854,0.001074053,0.070661391,0.070661391,12,26.2,2159,5.411153312,0.262,0.232051876,0.000880037,3772.700787,1430.083333,898.4166667,317.5,0.662382276,0.416126293,0.147058824
243,千葉,千  葉,0.359308045,29468.87,21,5030,5.858622266,4.625,19900372,千  葉,1329,274,5,22,4.3,0.264214712,0.000854871,0.054473161,0.054473161,13,21,6139,4.800272031,0.21,0.21648477,0.00070044,3241.630885,4316.166667,2970.833333,1034.083333,0.703073248,0.483927893,0.168444915
244,東京,東  京,0.368368636,93178.025,21,10753,8.665305031,4.975,93857927,東  京,2827,1057,8,22,11.9,0.262903376,0.001106668,0.098298149,0.098298149,14,20.9,12868,7.241065045,0.209,0.21969226,0.000924775,7293.901694,8926.083333,7616.916667,2241.416667,0.693665164,0.591927002,0.174185318
245,神奈川,神奈川,0.363160299,42042.905,21,7320,5.743566257,5.225,30740343,神奈川,1890,457,5,22,5.1,0.258196721,0.000696721,0.062431694,0.062431694,15,20,8943,4.701208208,0.2,0.211338477,0.000570278,3437.363636,6496.416667,4597.416667,1488,0.726424764,0.514079914,0.166387118
246,山梨,山  梨,0.360530062,4573.235,21,707,6.468507779,4.325,3159366,山  梨,233,54,6,22,0.6,0.329561528,0.000848656,0.076379066,0.076379066,16,24.3,867,5.274780854,0.243,0.268742791,0.000692042,3644.020761,549.5,349,140.75,0.633794694,0.402537486,0.162341407
247,富山,富  山,0.353979637,5838.28,21,910,6.415692308,3.975,4260787,富  山,249,68,6,22,0.8,0.273626374,0.000879121,0.074725275,0.074725275,17,26,1095,5.331762557,0.26,0.22739726,0.000730594,3891.12968,701.9166667,416.75,136.8333333,0.641019787,0.380593607,0.124961948
248,石川,石  川,0.354751742,6062.76,21,948,6.395316456,4.35,4546790,石  川,261,60,5,22,1.3,0.275316456,0.001371308,0.063291139,0.063291139,18,23.5,1165,5.204085837,0.235,0.224034335,0.00111588,3902.824034,810.5,485.5,148.75,0.695708155,0.416738197,0.127682403
249,福井,福  井,0.358190165,3879.99,21,651,5.960046083,3.45,3407417,福  井,160,39,5,22,0.6,0.24577573,0.000921659,0.059907834,0.059907834,19,24.8,808,4.801967822,0.248,0.198019802,0.000742574,4217.100248,583.5,328.6666667,107.5833333,0.722153465,0.406765677,0.13314769
250,岐阜,岐  阜,0.358829407,8834.51,21,1706,5.178493552,4.1,7295522,岐  阜,426,115,6,22,1.5,0.249706917,0.00087925,0.067409144,0.067409144,20,23.6,2092,4.222997132,0.236,0.203632887,0.000717017,3487.343212,1417,856.25,287.75,0.677342256,0.409297323,0.137547801
251,静岡,静  岡,0.361378474,18784.23,21,3111,6.038003857,4.225,15947396,静  岡,854,191,5,22,2.2,0.274509804,0.000707168,0.06139505,0.06139505,21,23.3,3792,4.953647152,0.233,0.22521097,0.000580169,4205.53692,2652.166667,1722.916667,604.25,0.699411041,0.454355661,0.159348629
252,愛知,愛  知,0.367674425,33550.59,21,5967,5.622689794,4.75,33647515,愛  知,1434,350,5,22,5.9,0.24032177,0.000988772,0.058655941,0.058655941,22,19.8,7418,4.522861957,0.198,0.193313562,0.000795363,4535.928148,5817.666667,3792.833333,1198.833333,0.784263503,0.511301339,0.161611396
253,三重,三  重,0.355950121,7981.45,21,1527,5.226882777,4.45,7845102,三  重,351,104,6,22,1.7,0.229862475,0.001113294,0.0681074,0.0681074,23,23.8,1870,4.26815508,0.238,0.187700535,0.000909091,4195.241711,1291.416667,803,283.0833333,0.690597148,0.429411765,0.151381462
254,滋賀,滋  賀,0.352305397,5829.625,21,1122,5.195744207,4.125,6127124,滋  賀,308,63,5,22,0.9,0.274509804,0.000802139,0.056149733,0.056149733,24,20.2,1405,4.149199288,0.202,0.219217082,0.000640569,4360.942349,1120.916667,657.5,213.75,0.797805457,0.46797153,0.152135231
255,京都,京  都,0.364552732,13268.79,21,2145,6.185916084,5.75,9941796,京  都,584,135,5,22,2.7,0.272261072,0.001258741,0.062937063,0.062937063,25,23.1,2622,5.060560641,0.231,0.22273074,0.001029748,3791.684211,1754.916667,1145.833333,421.5,0.669304602,0.437007373,0.160755149
256,大阪,大  阪,0.368471718,50807.08,21,7166,7.090019537,6.775,37560687,大  阪,2096,628,7,22,5,0.292492325,0.000697739,0.087636059,0.087636059,26,22,8801,5.77287581,0.22,0.238154755,0.000568117,4267.774912,6291.916667,4337.583333,1734.583333,0.714909291,0.492851191,0.197089346
257,兵庫,兵  庫,0.361970931,27562.97,21,4546,6.063125825,5.35,18982870,兵  庫,1256,363,7,22,4.6,0.276286846,0.001011879,0.079850418,0.079850418,27,22.8,5583,4.936946086,0.228,0.224968655,0.00082393,3400.120007,3972.166667,2488,905.25,0.711475312,0.445638546,0.162144009
258,奈良,奈  良,0.35701653,5650.36,21,1145,4.934812227,4.725,3610813,奈  良,267,65,5,22,1.1,0.233187773,0.000960699,0.056768559,0.056768559,28,23.5,1399,4.038856326,0.235,0.190850608,0.000786276,2580.995711,894,549.4166667,218,0.639027877,0.392720991,0.15582559
259,和歌山,和歌山,0.359681611,4957.695,21,827,5.994794438,4.175,3388522,和歌山,249,58,6,22,0.7,0.301088271,0.000846433,0.070133011,0.070133011,29,26.7,1004,4.937943227,0.267,0.248007968,0.000697211,3375.021912,622.9166667,399.25,171.5,0.620434927,0.397659363,0.170816733
260,鳥取,鳥  取,0.352057282,3376.53,21,490,6.890877551,4.425,1960153,鳥  取,145,41,7,22,0.9,0.295918367,0.001836735,0.083673469,0.083673469,30,25.9,591,5.713248731,0.259,0.24534687,0.001522843,3316.671743,406.3333333,230.6666667,96.58333333,0.687535251,0.390298928,0.163423576
261,島根,島  根,0.347822085,4180.255,21,592,7.061241554,3.8,2437022,島  根,184,51,7,22,0.9,0.310810811,0.00152027,0.086148649,0.086148649,31,29,718,5.822082173,0.29,0.256267409,0.001253482,3394.181058,471.6666667,269.5833333,93.66666667,0.656917363,0.375464253,0.130454968
262,岡山,岡  山,0.354405562,9160.255,21,1584,5.782989268,4.625,7400748,岡  山,402,131,7,22,1.2,0.253787879,0.000757576,0.08270202,0.08270202,32,24.9,1942,4.716918126,0.249,0.20700309,0.00061792,3810.889804,1375.583333,840.9166667,298,0.708333333,0.433015791,0.153450051
263,広島,広  島,0.361519053,15609.295,21,2338,6.676345167,4.375,10971359,広  島,607,160,6,22,2.8,0.25962361,0.001197605,0.068434559,0.068434559,33,23.7,2863,5.452076493,0.237,0.212015368,0.000977995,3832.119804,2126,1329.75,459,0.742577716,0.464460356,0.160321341
264,山口,山  口,0.361439063,7877.78,21,1208,6.52134106,4.225,5808725,山  口,349,91,6,22,1.5,0.288907285,0.001241722,0.075331126,0.075331126,34,27.5,1455,5.414281787,0.275,0.239862543,0.001030928,3992.250859,945.25,594,218.3333333,0.649656357,0.408247423,0.150057274
265,徳島,徳  島,0.359273732,3735.32,21,655,5.702778626,4.65,2853915,徳  島,152,75,10,22,0.7,0.232061069,0.001068702,0.114503817,0.114503817,35,26.6,789,4.734245881,0.266,0.192648923,0.000887199,3617.129278,484.0833333,310.4166667,128,0.613540346,0.393430503,0.162230672
266,香川,香  川,0.360131996,4722.055,21,816,5.786832108,4.075,3752452,香  川,215,66,7,22,0.7,0.263480392,0.000857843,0.080882353,0.080882353,36,25.4,999,4.726781782,0.254,0.215215215,0.000700701,3756.208208,699.8333333,430.3333333,161.4166667,0.700533867,0.430764097,0.161578245
267,愛媛,愛  媛,0.363573313,7344.075,21,1189,6.176682086,4.65,4849093,愛  媛,299,93,7,22,1.3,0.251471825,0.001093356,0.078216989,0.078216989,37,26.2,1436,5.114258357,0.262,0.20821727,0.000905292,3376.80571,945.9166667,575.5,232.8333333,0.658716342,0.400766017,0.162140204
268,高知,高  知,0.364689133,4853.435,21,642,7.559867601,5.65,2207251,高  知,197,52,7,22,0.9,0.306853583,0.001401869,0.080996885,0.080996885,38,28.4,766,6.336077023,0.284,0.257180157,0.001174935,2881.528721,446.75,277.1666667,133.0833333,0.583224543,0.36183638,0.173738033
269,福岡,福  岡,0.363552938,27443.74,21,4106,6.683813931,5.9,17928846,福  岡,1173,334,7,22,5.2,0.285679493,0.001266439,0.081344374,0.081344374,39,22,5053,5.431177518,0.22,0.232139323,0.001029092,3548.158718,3850,2467.333333,923.4166667,0.76192361,0.488290784,0.182746223
270,佐賀,佐  賀,0.354858113,4291.185,21,685,6.26450365,4.225,2760966,佐  賀,220,55,7,22,0.8,0.321167883,0.001167883,0.080291971,0.080291971,40,24.3,852,5.036602113,0.243,0.258215962,0.000938967,3240.570423,628.3333333,341.3333333,127,0.737480438,0.400625978,0.149061033
271,長崎,長  崎,0.363380971,7678.65,21,1173,6.546163683,4.9,4449008,長  崎,368,107,8,22,1.4,0.31372549,0.001193521,0.091219096,0.091219096,41,25.7,1430,5.369685315,0.257,0.257342657,0.000979021,3111.194406,988.6666667,563.8333333,214.5,0.691375291,0.394289044,0.15
272,熊本,熊  本,0.369654062,10343.525,21,1469,7.041201498,4.85,5587575,熊  本,451,89,5,22,2.2,0.307011572,0.001497617,0.060585432,0.060585432,42,25.5,1814,5.702053473,0.255,0.24862183,0.001212789,3080.250827,1353.25,758.9166667,291.5,0.746003308,0.418366409,0.160694598
273,大分,大  分,0.361946709,7247.42,21,980,7.395326531,4.6,4216761,大  分,266,51,4,22,1.1,0.271428571,0.001122449,0.052040816,0.052040816,43,26.4,1195,6.064786611,0.264,0.222594142,0.000920502,3528.670293,825.5833333,517.4166667,195.9166667,0.690864714,0.432984658,0.163947001
274,宮崎,宮  崎,0.36403897,8442.175,21,922,9.156372017,4.9,3584104,宮  崎,307,90,8,22,1.2,0.3329718,0.001301518,0.097613883,0.097613883,44,25.6,1132,7.457751767,0.256,0.271201413,0.001060071,3166.169611,846.5,494.8333333,208.3333333,0.747791519,0.43713192,0.184040047
275,鹿児島,鹿児島,0.368158273,13720.06,21,1385,9.906180505,5,5513647,鹿児島,414,116,7,22,1.6,0.298916968,0.001155235,0.083754513,0.083754513,45,26.3,1708,8.032822014,0.263,0.242388759,0.000936768,3228.130562,1257.583333,708.3333333,272.5833333,0.736290008,0.414715066,0.159592116
276,北海道,北海道,0.367389282,34117.885,20,4608,7.404054905,5.025,18705954,北海道,1439,280,5,21,8,0.312282986,0.001736111,0.060763889,0.060763889,0,23.6,5535,6.164026197,0.236,0.259981933,0.001445348,3379.576152,3408.5,2423.5,1051.833333,0.615808491,0.437850045,0.190033122
277,青森,青  森,0.362738657,9506.61,20,1143,8.317244094,6.1,4550403,青  森,476,106,8,21,0.9,0.416447944,0.000787402,0.092738408,0.092738408,1,24.4,1392,6.829461207,0.244,0.341954023,0.000646552,3268.967672,837.75,532.6666667,232.4166667,0.601831897,0.382662835,0.166965996
278,岩手,岩  手,0.357761672,8202.195,20,1112,7.37607464,4.45,4413412,岩  手,459,75,6,21,1.4,0.412769784,0.001258993,0.067446043,0.067446043,2,26.3,1352,6.066712278,0.263,0.339497041,0.001035503,3264.357988,843.75,499.1666667,205.5,0.624075444,0.369206114,0.151997041
279,宮城,宮  城,0.355057385,13243.25,20,1907,6.944546408,5.2,8151378,宮  城,577,101,4,21,1.9,0.302569481,0.000996329,0.052962769,0.052962769,3,21.5,2340,5.659508547,0.215,0.246581197,0.000811966,3483.494872,1637.166667,1070,384.4166667,0.699643875,0.457264957,0.164280627
280,秋田,秋  田,0.348788974,7893.865,20,930,8.488026882,4.85,3633467,秋  田,416,66,6,21,1.1,0.447311828,0.001182796,0.070967742,0.070967742,4,28.4,1108,7.124426895,0.284,0.375451264,0.00099278,3279.302347,607.9166667,384.6666667,151.75,0.548661252,0.347172082,0.136958484
281,山形,山  形,0.349439419,7142.445,20,977,7.310588536,3.75,4033581,山  形,321,70,6,21,1.3,0.328556807,0.001330604,0.071647902,0.071647902,5,26.6,1188,6.012159091,0.266,0.27020202,0.001094276,3395.270202,748.25,450.8333333,169,0.629840067,0.379489338,0.142255892
282,福島,福  島,0.349355912,11801.5,20,1654,7.135126965,4.6,7880206,福  島,591,112,6,21,1.9,0.357315599,0.00114873,0.067714631,0.067714631,6,24.2,2052,5.751218324,0.242,0.288011696,0.000925926,3840.256335,1404.75,847.0833333,331.1666667,0.684576023,0.412808642,0.161387264
283,茨城,茨  城,0.359216525,14451.47,20,2408,6.00144103,4.075,12063607,茨  城,729,149,5,21,2.3,0.302740864,0.00095515,0.061877076,0.061877076,7,21.3,2964,4.875664642,0.213,0.245951417,0.000775978,4070.042848,2037.666667,1313.166667,478.75,0.687471885,0.443038687,0.161521592
284,栃木,栃  木,0.359744497,9387,20,1634,5.744798042,3.95,8414636,栃  木,549,104,5,21,1.2,0.335985312,0.000734394,0.063647491,0.063647491,8,21.1,2011,4.667826952,0.211,0.272998508,0.000596718,4184.304326,1435.083333,939,330.3333333,0.713616774,0.466931875,0.164263219
285,群馬,群  馬,0.359811688,10531.795,20,1639,6.425744356,3.75,7896889,群  馬,538,108,6,21,2.1,0.328248932,0.001281269,0.065893838,0.065893838,9,22.5,2012,5.234490557,0.225,0.267395626,0.001043738,3924.895129,1397,867.3333333,315.8333333,0.694333996,0.431080186,0.156974818
286,埼玉,埼  玉,0.361468003,33707.685,20,5784,5.827746369,3.925,20858816,埼  玉,1720,355,5,21,5,0.297372061,0.000864454,0.06137621,0.06137621,10,19.1,7113,4.738884437,0.191,0.241810769,0.000702938,2932.492057,5015.75,3403.25,1190.25,0.705152538,0.478454942,0.167334458
287,新潟,新  潟,0.340908383,15847.655,20,1971,8.040413496,3.875,9010535,新  潟,711,128,5,21,2.5,0.360730594,0.001268392,0.064941654,0.064941654,11,25.5,2391,6.628044751,0.255,0.297365119,0.001045588,3768.521539,1528.833333,954.0833333,290.0833333,0.639411683,0.399031089,0.121323017
288,長野,長  野,0.352800282,11813.61,20,1771,6.670587239,3.125,8504456,長  野,526,119,6,21,1.9,0.29700734,0.00107284,0.067193676,0.067193676,12,25.5,2171,5.44155228,0.255,0.242284661,0.000875173,3917.298941,1521.25,919.75,321.75,0.700713957,0.423652695,0.148203593
289,千葉,千  葉,0.359302412,28568.9,20,5012,5.700099761,3.65,20363395,千  葉,1326,285,5,21,4.3,0.264565044,0.000857941,0.056863528,0.056863528,13,20.1,6122,4.666595884,0.201,0.216595884,0.000702385,3326.265109,4349.583333,3047.083333,1023.083333,0.710484047,0.497726778,0.167115866
290,東京,東  京,0.36835345,92327,20,10743,8.594154333,3.95,97830989,東  京,2862,922,7,21,11.9,0.266406032,0.001107698,0.085823327,0.085823327,14,20.2,12838,7.191696526,0.202,0.222931921,0.000926936,7620.422885,8839.166667,7675.583333,2188.25,0.688515864,0.597879992,0.170451005
291,神奈川,神奈川,0.363149326,41878.695,20,7297,5.739166096,3.8,32291696,神奈川,1908,441,5,21,5.1,0.261477319,0.000698917,0.060435796,0.060435796,15,19.2,8917,4.696500505,0.192,0.213973309,0.000571941,3621.363239,6580.083333,4743.166667,1511.5,0.737925685,0.53192404,0.169507682
292,山梨,山  梨,0.360522023,4559.28,20,709,6.430578279,3.475,3370844,山  梨,222,53,6,21,0.6,0.313117066,0.000846262,0.074753173,0.074753173,16,23.7,871,5.234535017,0.237,0.254879449,0.000688863,3870.08496,569.9166667,366.75,141.1666667,0.654324531,0.421067738,0.162074244
293,富山,富  山,0.35397757,6059.405,20,909,6.666012101,3.3,4643394,富  山,293,64,6,21,0.8,0.322332233,0.000880088,0.070407041,0.070407041,17,25.2,1101,5.503546776,0.252,0.266121708,0.000726612,4217.433243,713.0833333,434.8333333,141.0833333,0.647668786,0.39494399,0.128141084
294,石川,石  川,0.354749937,6340.97,20,949,6.681738672,3.375,4844292,石  川,254,72,6,21,1.3,0.267650158,0.001369863,0.075869336,0.075869336,18,22.9,1168,5.428912671,0.229,0.217465753,0.001113014,4147.510274,841.9166667,512.1666667,161.1666667,0.720819064,0.438498858,0.13798516
295,福井,福  井,0.358187611,3972.595,20,653,6.083606432,2.8,3511540,福  井,191,35,4,21,0.6,0.292496172,0.000918836,0.053598775,0.053598775,19,24.3,812,4.892358374,0.243,0.235221675,0.000738916,4324.55665,598.25,345.3333333,108.8333333,0.736761084,0.425287356,0.134031199
296,岐阜,岐  阜,0.358827368,9147.175,20,1705,5.364912023,3.325,7682933,岐  阜,473,92,5,21,1.5,0.277419355,0.000879765,0.053958944,0.053958944,20,22.9,2100,4.355797619,0.229,0.225238095,0.000714286,3658.539524,1466.333333,910.3333333,290.0833333,0.698253968,0.433492063,0.138134921
297,静岡,静  岡,0.361376033,19333.13,20,3102,6.232472598,3.175,17197288,静  岡,804,191,5,21,2.2,0.259187621,0.00070922,0.061573179,0.061573179,21,22.6,3800,5.087665789,0.226,0.211578947,0.000578947,4525.602105,2696.083333,1780.583333,588.5833333,0.709495614,0.468574561,0.154890351
298,愛知,愛  知,0.367671432,34808.75,20,5948,5.852177202,3.125,35415931,愛  知,1512,326,5,21,5.9,0.254203093,0.00099193,0.054808339,0.054808339,22,19.2,7403,4.701978927,0.192,0.204241524,0.000796974,4783.997163,5887.833333,3957.25,1164,0.795330722,0.534546805,0.157233554
299,三重,三  重,0.355947406,7743.275,20,1529,5.064274035,3.125,8126906,三  重,425,94,5,21,1.7,0.277959451,0.001111838,0.06147809,0.06147809,23,23.1,1875,4.129746667,0.231,0.226666667,0.000906667,4334.349867,1306.416667,837,284.25,0.696755556,0.4464,0.1516
300,滋賀,滋  賀,0.352302592,5665.995,20,1116,5.077056452,3.225,6371372,滋  賀,279,68,5,21,0.9,0.25,0.000806452,0.0609319,0.0609319,24,19.7,1402,4.041365906,0.197,0.199001427,0.00064194,4544.487874,1096.25,657.4166667,194.3333333,0.781918688,0.468913457,0.138611507
301,京都,京  都,0.364550283,12868.91,20,2152,5.979976766,4.375,10234114,京  都,571,150,6,21,2.7,0.265334572,0.001254647,0.069702602,0.069702602,25,22.4,2629,4.894982883,0.224,0.217192849,0.001027006,3892.778243,1799.916667,1185.666667,405.75,0.68463928,0.450995309,0.15433625
302,大阪,大  阪,0.368466595,51063.4,20,7170,7.12181311,5.4,39938157,大  阪,2079,594,7,21,5,0.289958159,0.00069735,0.082845188,0.082845188,26,21.2,8806,5.798705428,0.212,0.23608903,0.000567795,4535.334658,6373.083333,4405,1710.916667,0.723720569,0.500227118,0.194289878
303,兵庫,兵  庫,0.361961707,27041.085,20,4538,5.95881115,4.325,20096228,兵  庫,1239,324,6,21,4.6,0.273027766,0.001013662,0.071397091,0.071397091,27,22.1,5586,4.840867347,0.221,0.221804511,0.000823487,3597.606158,4039,2569.083333,897.5833333,0.723057644,0.459914668,0.160684449
304,奈良,奈  良,0.357013237,5702.945,20,1145,4.980737991,3.975,3802845,奈  良,272,77,6,21,1.1,0.237554585,0.000960699,0.067248908,0.067248908,28,22.6,1404,4.061926638,0.226,0.193732194,0.000783476,2708.57906,905.5,557.8333333,214.5,0.64494302,0.397317189,0.152777778
305,和歌山,和歌山,0.359679916,5123.44,20,831,6.165391095,3.375,3561298,和歌山,258,71,7,21,0.7,0.310469314,0.000842359,0.08543923,0.08543923,29,26.1,1012,5.062687747,0.261,0.254940711,0.0006917,3519.06917,656.0833333,407.25,178,0.648303689,0.402420949,0.175889328
306,鳥取,鳥  取,0.35205515,3178.135,20,490,6.485989796,4.325,2025765,鳥  取,150,62,11,21,0.9,0.306122449,0.001836735,0.126530612,0.126530612,30,25.5,595,5.341403361,0.255,0.25210084,0.001512605,3404.647059,401.6666667,243.5833333,92.25,0.675070028,0.409383753,0.155042017
307,島根,島  根,0.347818747,4191.025,20,599,6.996702838,3.325,2417294,島  根,221,50,7,21,0.9,0.368948247,0.001502504,0.083472454,0.083472454,31,28.6,725,5.780724138,0.286,0.304827586,0.001241379,3334.198621,476.1666667,269.25,93.41666667,0.656781609,0.37137931,0.128850575
308,岡山,岡  山,0.354401542,9230.295,20,1585,5.823529968,4,7827633,岡  山,401,114,6,21,1.2,0.252996845,0.000757098,0.07192429,0.07192429,32,24.3,1948,4.738344456,0.243,0.205852156,0.000616016,4018.292094,1398.416667,860.25,304.4166667,0.717873032,0.441606776,0.156271389
309,広島,広  島,0.361516192,16016.89,20,2338,6.850680068,3.825,11503663,広  島,668,153,5,21,2.8,0.285714286,0.001197605,0.065440547,0.065440547,33,23,2869,5.582743116,0.23,0.23283374,0.00097595,4009.642036,2142.083333,1355.916667,445.4166667,0.746630649,0.472609504,0.155251539
310,山口,山  口,0.361437075,7733.895,20,1212,6.381101485,3.475,6063941,山  口,409,97,7,21,1.5,0.337458746,0.001237624,0.080033003,0.080033003,34,26.9,1463,5.286326042,0.269,0.279562543,0.00102529,4144.867396,964.1666667,595.5,216.9166667,0.659033949,0.407040328,0.148268398
311,徳島,徳  島,0.359270177,3611.34,20,654,5.521926606,4.3,2889687,徳  島,166,59,8,21,0.7,0.25382263,0.001070336,0.090214067,0.090214067,35,26.1,794,4.548287154,0.261,0.20906801,0.000881612,3639.404282,497.4166667,316.3333333,120.9166667,0.626469354,0.398404702,0.152287993
312,香川,香  川,0.36013055,4829.91,20,818,5.904535452,3.875,3862599,香  川,205,43,4,21,0.7,0.250611247,0.000855746,0.052567237,0.052567237,36,24.9,1003,4.815463609,0.249,0.204386839,0.000697906,3851.045862,711.3333333,442.8333333,165.3333333,0.709205716,0.441508807,0.164838817
313,愛媛,愛  媛,0.363571795,7632.725,20,1192,6.403292785,4.2,4978204,愛  媛,332,99,7,21,1.3,0.27852349,0.001090604,0.083053691,0.083053691,37,25.6,1444,5.285820637,0.256,0.229916898,0.000900277,3447.509695,958.3333333,600.1666667,236.5833333,0.663665743,0.415627886,0.163838873
314,高知,高  知,0.36468734,5112.425,20,647,7.901738794,5.075,2296448,高  知,233,62,8,21,0.9,0.360123648,0.001391036,0.095826893,0.095826893,38,27.8,773,6.613745149,0.278,0.301423027,0.001164295,2970.825356,483.5833333,289.25,137,0.625592928,0.374191462,0.177231565
315,福岡,福  岡,0.363549097,27764.76,20,4103,6.766941262,5.075,17961215,福  岡,1185,296,6,21,5.2,0.288813064,0.001267365,0.072142335,0.072142335,39,21.4,5054,5.493620894,0.214,0.234467748,0.001028888,3553.861298,3869.583333,2512.25,919.8333333,0.765647672,0.49708152,0.182001055
316,佐賀,佐  賀,0.354856365,4226.565,20,684,6.179188596,3.1,2963312,佐  賀,226,57,7,21,0.8,0.330409357,0.001169591,0.083333333,0.083333333,40,23.9,856,4.937575935,0.239,0.264018692,0.000934579,3461.813084,650.9166667,355.3333333,123,0.760416667,0.415109034,0.143691589
317,長崎,長  崎,0.363378376,7575.735,20,1173,6.45842711,4.025,4463502,長  崎,329,87,6,21,1.4,0.280477408,0.001193521,0.074168798,0.074168798,41,25.2,1440,5.260927083,0.252,0.228472222,0.000972222,3099.654167,1005.5,581.6666667,208.5,0.698263889,0.403935185,0.144791667
318,熊本,熊  本,0.369640746,10305.22,20,1468,7.019904632,4.225,5747382,熊  本,452,108,6,21,2.2,0.307901907,0.001498638,0.073569482,0.073569482,42,25.1,1821,5.659099396,0.251,0.248215266,0.001208127,3156.16804,1360.833333,788.9166667,288.25,0.747300018,0.433232656,0.158292147
319,大分,大  分,0.361944355,7439.47,20,980,7.591295918,3.825,4614721,大  分,295,53,5,21,1.1,0.301020408,0.001122449,0.054081633,0.054081633,43,25.9,1200,6.199558333,0.259,0.245833333,0.000916667,3845.600833,860,519.1666667,195.6666667,0.716666667,0.432638889,0.163055556
320,宮崎,宮  崎,0.364036996,8537.565,20,922,9.259831887,3.875,3606370,宮  崎,337,58,5,21,1.2,0.365509761,0.001301518,0.062906725,0.062906725,44,25.2,1136,7.515462148,0.252,0.29665493,0.001056338,3174.621479,851.6666667,519.5833333,215.9166667,0.749706573,0.457379695,0.190067488
321,鹿児島,鹿児島,0.368149489,14176.355,20,1387,10.22087599,4.175,5668837,鹿児島,415,101,6,21,1.6,0.299206921,0.001153569,0.072819034,0.072819034,45,26,1717,8.256467676,0.26,0.241700641,0.000931858,3301.594059,1272.166667,733,286.6666667,0.740924093,0.426907397,0.166957872
322,北海道,北海道,0.377647072,35013.765,19,4616,7.585304376,5.125,19233301,北海道,1546,288,5,20,6.1,0.33492201,0.00132149,0.062391681,0.062391681,0,22.9,5570,6.286133752,0.229,0.277558348,0.001095153,3453.016338,3437.333333,2414,1084.833333,0.6171155,0.433393178,0.194763615
323,青森,青  森,0.372737603,9734.955,19,1152,8.450481771,5.65,4762488,青  森,473,92,7,20,0.7,0.410590278,0.000607639,0.079861111,0.079861111,1,23.9,1407,6.918944563,0.239,0.336176262,0.000497512,3384.852878,848.1666667,531.8333333,249.0833333,0.602819237,0.377990997,0.177031509
324,岩手,岩  手,0.36748461,8407.585,19,1114,7.54720377,4.125,4597218,岩  手,454,75,6,20,1.1,0.407540395,0.000987433,0.067324955,0.067324955,2,25.8,1364,6.163918622,0.258,0.332844575,0.000806452,3370.394428,861.4166667,523.8333333,189.5833333,0.631537146,0.384042033,0.138990714
325,宮城,宮  城,0.364904281,13496.09,19,1907,7.07713162,4.85,8448181,宮  城,649,93,4,20,1.8,0.340325118,0.000943891,0.048767698,0.048767698,3,21,2347,5.750357904,0.21,0.276523221,0.000766937,3599.565829,1651.5,1064,383.0833333,0.703664252,0.453344695,0.163222554
326,秋田,秋  田,0.358159631,8090.85,19,937,8.634845251,4.5,3795047,秋  田,410,75,7,20,1.2,0.437566702,0.001280683,0.080042689,0.080042689,4,28,1121,7.217528992,0.28,0.365744871,0.001070473,3385.412132,622.0833333,371.8333333,156.0833333,0.554936069,0.331697889,0.139235801
327,山形,山  形,0.358874594,7333.125,19,982,7.467540733,3.175,4286225,山  形,340,73,6,20,0.9,0.346232179,0.000916497,0.074338086,0.074338086,5,26.3,1198,6.121139399,0.263,0.283806344,0.000751252,3577.817195,771.8333333,455.4166667,164.25,0.644268225,0.380147468,0.137103506
328,福島,福  島,0.358816522,12253.475,19,1658,7.390515682,4.375,8184370,福  島,535,110,5,20,2.1,0.322677925,0.001266586,0.066344994,0.066344994,6,23.7,2067,5.928144654,0.237,0.258829221,0.001015965,3959.540397,1419,853,341.3333333,0.686502177,0.412675375,0.165134656
329,茨城,茨  城,0.369102191,14880.845,19,2403,6.192611319,3.55,12312491,茨  城,671,190,7,20,1.8,0.27923429,0.000749064,0.079067832,0.079067832,7,20.7,2969,5.012073089,0.207,0.226002021,0.000606265,4147.016167,2061.916667,1305.833333,492.5,0.694481868,0.439822611,0.165880768
330,栃木,栃  木,0.369473069,10254.58,19,1629,6.295015347,3.4,8647679,栃  木,530,65,3,20,1.8,0.325352977,0.001104972,0.03990178,0.03990178,8,20.5,2014,5.091648461,0.205,0.263157895,0.000893744,4293.783019,1436.666667,927.4166667,341.25,0.713339954,0.460484939,0.169438928
331,群馬,群  馬,0.369419872,10504.89,19,1634,6.428941248,3.025,8221714,群  馬,505,124,6,20,1.9,0.309057528,0.001162791,0.075887393,0.075887393,9,21.9,2016,5.210758929,0.219,0.250496032,0.00094246,4078.231151,1420.916667,878.6666667,331,0.704819775,0.435846561,0.164186508
332,埼玉,埼  玉,0.371552144,35476.56,19,5758,6.161264328,3.45,21339113,埼  玉,1643,291,4,20,4.2,0.285342133,0.00072942,0.050538381,0.050538381,10,18.3,7090,5.003746121,0.183,0.231734838,0.000592384,3009.747955,5048.083333,3359.666667,1188.5,0.71200047,0.473859897,0.167630465
333,新潟,新  潟,0.35026834,16573.285,19,1972,8.404302738,3.6,9319227,新  潟,665,138,6,20,2.6,0.337221095,0.001318458,0.069979716,0.069979716,11,25,2405,6.891178794,0.25,0.276507277,0.001081081,3874.938462,1543.583333,934.5833333,296.75,0.641822592,0.388600139,0.123388773
334,長野,長  野,0.362495646,11801.91,19,1772,6.66022009,2.8,8634394,長  野,538,84,4,20,2.3,0.303611738,0.001297968,0.047404063,0.047404063,12,25,2180,5.413720183,0.25,0.246788991,0.001055046,3960.731193,1536.166667,931.5,323.0833333,0.704663609,0.427293578,0.148203364
335,千葉,千  葉,0.3693418,29139.105,19,4989,5.840670475,3.275,20586012,千  葉,1258,236,4,20,3.2,0.25215474,0.000641411,0.047304069,0.047304069,13,19.3,6098,4.77846917,0.193,0.206297147,0.000524762,3375.862906,4336.416667,2987.083333,1030.083333,0.711121133,0.489846398,0.168921504
336,東京,東  京,0.378973426,93793.945,19,10707,8.760058373,3.675,100575130,東  京,2776,997,8,20,10.7,0.259269637,0.000999346,0.093116653,0.093116653,14,19.7,12758,7.351774965,0.197,0.217588964,0.000838689,7883.299106,8730.333333,7473.166667,2232.75,0.68430266,0.585763181,0.175007838
337,神奈川,神奈川,0.373552875,44197.51,19,7270,6.079437414,3.8,32987333,神奈川,1871,434,5,20,9.3,0.25735901,0.00127923,0.059697387,0.059697387,15,18.5,8880,4.977197072,0.185,0.210698198,0.001047297,3714.789752,6626.25,4710.75,1535,0.746199324,0.530489865,0.17286036
338,山梨,山  梨,0.370073179,6803.775,19,709,9.596297602,2.925,3419690,山  梨,218,59,7,20,0.8,0.307475317,0.00112835,0.083215797,0.083215797,16,23.1,877,7.758010262,0.231,0.248574686,0.000912201,3899.304447,584.1666667,368.0833333,145.4166667,0.666096541,0.419707336,0.165811479
339,富山,富  山,0.364250414,6176.27,19,910,6.78710989,3.1,4809626,富  山,296,47,4,20,0.8,0.325274725,0.000879121,0.051648352,0.051648352,17,24.6,1106,5.584330922,0.246,0.267631103,0.000723327,4348.667269,730.4166667,442.75,141.5,0.660412899,0.400316456,0.127938517
340,石川,石  川,0.365115784,6293.655,19,948,6.638876582,3.075,4940192,石  川,239,55,5,20,0.8,0.252109705,0.000843882,0.058016878,0.058016878,18,22.3,1170,5.379192308,0.223,0.204273504,0.000683761,4222.386325,867,504.5833333,157.3333333,0.741025641,0.431267806,0.134472934
341,福井,福  井,0.368661617,4088.615,19,655,6.242160305,2.675,3591253,福  井,206,45,6,20,0.6,0.314503817,0.000916031,0.06870229,0.06870229,19,23.7,816,5.010557598,0.237,0.25245098,0.000735294,4401.045343,602.3333333,347.8333333,111.5833333,0.738153595,0.42626634,0.136744281
342,岐阜,岐  阜,0.369548685,9423.125,19,1701,5.539756026,2.325,7877935,岐  阜,466,95,5,20,1.3,0.273956496,0.000764256,0.0558495,0.0558495,20,22.3,2104,4.478671578,0.223,0.22148289,0.000617871,3744.265684,1471.416667,904.75,300,0.699342522,0.430014259,0.142585551
343,静岡,静  岡,0.37160646,19704.715,19,3092,6.372805627,2.625,17815645,静  岡,781,183,5,20,2.1,0.252587322,0.000679172,0.059184994,0.059184994,21,22,3801,5.184087082,0.22,0.205472244,0.000552486,4687.094186,2785.416667,1764.333333,603.5833333,0.732811541,0.464176094,0.158795931
344,愛知,愛  知,0.378847104,35356.365,19,5909,5.9834769,2.65,38705568,愛  知,1441,345,5,20,3.5,0.24386529,0.000592317,0.058385514,0.058385514,22,18.6,7360,4.80385394,0.186,0.195788043,0.000475543,5258.908696,5877.666667,3935,1147.5,0.798596015,0.534646739,0.155910326
345,三重,三  重,0.366254424,8154.91,19,1517,5.375682268,2.525,8664321,三  重,379,90,5,20,1.4,0.249835201,0.000922874,0.05932762,0.05932762,23,22.6,1876,4.346966951,0.226,0.202025586,0.000746269,4618.507996,1318.166667,824.0833333,288.4166667,0.702647477,0.43927683,0.153740227
346,滋賀,滋  賀,0.362829489,5839.865,19,1109,5.265883679,2.575,6396709,滋  賀,312,53,4,20,0.7,0.281334536,0.000631199,0.047790803,0.047790803,24,19.2,1396,4.183284384,0.192,0.223495702,0.000501433,4582.169771,1117.416667,671.3333333,213.1666667,0.800441739,0.480897803,0.152698185
347,京都,京  都,0.375614846,13565.745,19,2160,6.2804375,4,10548575,京  都,547,130,5,20,1.8,0.253240741,0.000833333,0.060185185,0.060185185,25,21.7,2635,5.148290323,0.217,0.207590133,0.000683112,4003.254269,1805.166667,1167.833333,416.25,0.685072739,0.443200506,0.157969639
348,大阪,大  阪,0.379829964,52591.98,19,7176,7.328871237,5.175,40361514,大  阪,2034,661,8,20,7.3,0.283444816,0.00101728,0.092112598,0.092112598,26,20.5,8812,5.968222878,0.205,0.230821607,0.000828416,4580.289832,6453.166667,4370.583333,1719.333333,0.732315782,0.495980859,0.195112725
349,兵庫,兵  庫,0.372943527,28050.79,19,4529,6.193594612,4,20286623,兵  庫,1228,354,6,20,4.9,0.271141532,0.001081917,0.07816295,0.07816295,27,21.4,5589,5.018928252,0.214,0.219717302,0.000876722,3629.741099,4062.666667,2543.166667,907.8333333,0.726904038,0.455030715,0.162432158
350,奈良,奈  良,0.367844139,5862.025,19,1146,5.115205061,3.725,3872937,奈  良,290,60,4,20,0.9,0.253054101,0.00078534,0.052356021,0.052356021,28,21.8,1410,4.157464539,0.218,0.205673759,0.000638298,2746.76383,944.0833333,570.9166667,215.9166667,0.669562648,0.404905437,0.153132388
351,和歌山,和歌山,0.370435835,5461.24,19,833,6.556110444,3.225,3657072,和歌山,293,73,7,20,0.9,0.351740696,0.001080432,0.087635054,0.087635054,29,25.5,1019,5.359411187,0.255,0.287536801,0.000883219,3588.883219,647.4166667,418.4166667,181.25,0.63534511,0.410614982,0.177870461
352,鳥取,鳥  取,0.362676656,3195.75,19,492,6.495426829,3.775,2095136,鳥  取,183,33,6,20,0.6,0.37195122,0.001219512,0.067073171,0.067073171,30,25.1,600,5.32625,0.251,0.305,0.001,3491.893333,421.8333333,239,95.41666667,0.703055556,0.398333333,0.159027778
353,島根,島  根,0.358612898,4376.55,19,601,7.282113145,2.4,2542597,島  根,215,51,7,20,0.8,0.357737105,0.001331115,0.084858569,0.084858569,31,28.2,731,5.987072503,0.282,0.294117647,0.001094391,3478.24487,482.9166667,267.0833333,91,0.660624715,0.365367077,0.124487004
354,岡山,岡  山,0.365383832,9503.045,19,1582,6.006981669,3.55,8163753,岡  山,381,122,6,20,1.7,0.240834387,0.001074589,0.077117573,0.077117573,32,23.7,1953,4.865870456,0.237,0.195084485,0.000870456,4180.109063,1437,860.5833333,300,0.735791091,0.440646868,0.153609831
355,広島,広  島,0.372930913,16350.365,19,2334,7.005297772,3.4,12234621,広  島,632,177,6,20,2.8,0.270779777,0.001199657,0.075835476,0.075835476,33,22.4,2873,5.691042464,0.224,0.219979116,0.000974591,4258.482771,2134.166667,1366.75,459.3333333,0.742835596,0.475722242,0.159879336
356,山口,山  口,0.372934922,8038.415,19,1217,6.60510682,2.95,6156040,山  口,345,115,8,20,1.4,0.283483977,0.00115037,0.094494659,0.094494659,34,26.4,1474,5.453470149,0.264,0.234056988,0.000949796,4176.41791,967.5833333,601.1666667,230.1666667,0.65643374,0.407847128,0.156151063
357,徳島,徳  島,0.370133012,3763.305,19,657,5.728013699,4.05,2898543,徳  島,174,59,8,20,0.7,0.264840183,0.001065449,0.089802131,0.089802131,35,25.5,800,4.70413125,0.255,0.2175,0.000875,3623.17875,499.25,311,124.5833333,0.6240625,0.38875,0.155729167
358,香川,香  川,0.371155916,4949.99,19,821,6.029220463,3.55,3919042,香  川,201,69,7,20,0.7,0.244823386,0.000852619,0.084043849,0.084043849,36,24.4,1006,4.920467197,0.244,0.199801193,0.000695825,3895.667992,726.0833333,434,161.1666667,0.721752816,0.431411531,0.160205434
359,愛媛,愛  媛,0.374901063,7795.365,19,1188,6.561755051,3.925,5229973,愛  媛,368,84,6,20,1.7,0.30976431,0.001430976,0.070707071,0.070707071,37,25.2,1452,5.368708678,0.252,0.253443526,0.001170799,3601.90978,977.6666667,601.6666667,243.5,0.673324151,0.414370983,0.167699725
360,高知,高  知,0.375810138,5251.7,19,649,8.091987673,4.975,2353321,高  知,201,70,9,20,0.7,0.309707242,0.001078582,0.107858243,0.107858243,38,27.2,782,6.7157289,0.272,0.257033248,0.000895141,3009.361893,476.5833333,300.5,138.1666667,0.609441603,0.3842711,0.176683717
361,福岡,福  岡,0.375540555,28866.935,19,4098,7.044152025,4.9,18556693,福  岡,1227,295,6,20,5,0.299414348,0.001220107,0.071986335,0.071986335,39,21,5056,5.709441258,0.21,0.242681962,0.000988924,3670.232002,3888.416667,2481.25,940.6666667,0.769069752,0.49075356,0.186049578
362,佐賀,佐  賀,0.366076538,4577.24,19,685,6.68210219,2.35,3047034,佐  賀,174,35,4,20,0.9,0.254014599,0.001313869,0.051094891,0.051094891,40,23.6,859,5.328568102,0.236,0.202561118,0.00104773,3547.187427,642.3333333,350.5833333,127.9166667,0.747768723,0.408129608,0.148913465
363,長崎,長  崎,0.374977555,7694.99,19,1176,6.543358844,3.9,4514661,長  崎,372,87,6,20,1.5,0.316326531,0.00127551,0.073979592,0.073979592,41,24.8,1453,5.295932553,0.248,0.256022023,0.001032347,3107.130764,1018.083333,590,228.4166667,0.70067676,0.406056435,0.157203487
364,熊本,熊  本,0.382581507,10129.04,19,1473,6.87646979,4.025,5906753,熊  本,448,104,6,20,1.5,0.304141208,0.00101833,0.070604209,0.070604209,42,24.7,1828,5.541050328,0.247,0.245076586,0.000820569,3231.265317,1372,803.25,297.4166667,0.750547046,0.439414661,0.162700584
365,大分,大  分,0.373538829,7558.34,19,981,7.704729867,3.5,4582003,大  分,279,60,5,20,1.3,0.28440367,0.001325178,0.06116208,0.06116208,43,25.4,1203,6.282909393,0.254,0.2319202,0.001080632,3808.813799,851.5833333,520.8333333,197.5,0.70788307,0.432945414,0.164172901
366,宮崎,宮  崎,0.378299729,9888.01,19,922,10.72452278,3.85,3653637,宮  崎,364,75,7,20,1,0.394793926,0.001084599,0.081344902,0.081344902,44,24.7,1143,8.650927384,0.247,0.318460192,0.000874891,3196.532808,871.75,514.25,220.9166667,0.762685914,0.449912511,0.193277924
367,鹿児島,鹿児島,0.38308475,14154.015,19,1393,10.16081479,4.025,5852150,鹿児島,479,130,8,20,1.7,0.343862168,0.001220388,0.093323762,0.093323762,45,25.7,1730,8.181511561,0.257,0.276878613,0.000982659,3382.745665,1255.833333,729,280.25,0.725915221,0.421387283,0.16199422